#
# TABLE STRUCTURE FOR: addresses
#

DROP TABLE IF EXISTS `addresses`;

CREATE TABLE `addresses` (
  `id` int(10) unsigned NOT NULL AUTO_INCREMENT,
  `zipcode` int(10) unsigned DEFAULT NULL COMMENT 'почтовый индекс',
  `country` varchar(100) COLLATE utf8_unicode_ci DEFAULT NULL COMMENT 'страна/государство',
  `region` varchar(100) COLLATE utf8_unicode_ci DEFAULT NULL COMMENT 'область/район',
  `city` varchar(100) COLLATE utf8_unicode_ci DEFAULT NULL COMMENT 'город',
  `street` varchar(100) COLLATE utf8_unicode_ci DEFAULT NULL COMMENT 'улица',
  `house_num` varchar(100) COLLATE utf8_unicode_ci DEFAULT NULL COMMENT 'номер дома/строение',
  `flat_num` varchar(100) COLLATE utf8_unicode_ci DEFAULT NULL COMMENT 'номер квартины/офиса',
  `created_at` datetime DEFAULT current_timestamp(),
  `updated_at` datetime DEFAULT current_timestamp() ON UPDATE current_timestamp(),
  PRIMARY KEY (`id`)
) ENGINE=InnoDB AUTO_INCREMENT=204 DEFAULT CHARSET=utf8 COLLATE=utf8_unicode_ci;

INSERT INTO `addresses` (`id`, `zipcode`, `country`, `region`, `city`, `street`, `house_num`, `flat_num`, `created_at`, `updated_at`) VALUES (1, 21418, 'Jersey', 'Montana', 'Daytonfurt', 'Will Curve', '157', '499', '2012-06-03 09:31:37', '2011-01-03 16:50:22');
INSERT INTO `addresses` (`id`, `zipcode`, `country`, `region`, `city`, `street`, `house_num`, `flat_num`, `created_at`, `updated_at`) VALUES (2, 60489, 'Isle of Man', 'NewJersey', 'West Jarvisland', 'Juston Lights', '394', '175', '1982-06-26 02:10:50', '2007-12-25 16:37:16');
INSERT INTO `addresses` (`id`, `zipcode`, `country`, `region`, `city`, `street`, `house_num`, `flat_num`, `created_at`, `updated_at`) VALUES (3, 87328, 'Montenegro', 'Montana', 'Port Kelley', 'Armstrong Knolls', '98750', '10', '1982-03-12 06:04:55', '1990-06-05 01:04:22');
INSERT INTO `addresses` (`id`, `zipcode`, `country`, `region`, `city`, `street`, `house_num`, `flat_num`, `created_at`, `updated_at`) VALUES (4, 84479, 'Denmark', 'Kentucky', 'Padbergside', 'Zieme Valleys', '3497', '495', '2006-03-01 07:35:26', '2009-11-26 15:37:45');
INSERT INTO `addresses` (`id`, `zipcode`, `country`, `region`, `city`, `street`, `house_num`, `flat_num`, `created_at`, `updated_at`) VALUES (5, 43853, 'Christmas Island', 'Connecticut', 'Judestad', 'Smitham Lodge', '9886', '497', '1981-07-22 12:06:04', '1974-11-22 05:01:02');
INSERT INTO `addresses` (`id`, `zipcode`, `country`, `region`, `city`, `street`, `house_num`, `flat_num`, `created_at`, `updated_at`) VALUES (6, 50846, 'Chad', 'Alaska', 'New Judy', 'Nickolas Junctions', '25912', '394', '2018-09-13 20:44:55', '2003-11-17 13:36:01');
INSERT INTO `addresses` (`id`, `zipcode`, `country`, `region`, `city`, `street`, `house_num`, `flat_num`, `created_at`, `updated_at`) VALUES (7, 67746, 'Mauritius', 'Montana', 'North Justinashire', 'Okuneva Spur', '744', '214', '2014-03-27 02:27:02', '2013-09-23 08:13:26');
INSERT INTO `addresses` (`id`, `zipcode`, `country`, `region`, `city`, `street`, `house_num`, `flat_num`, `created_at`, `updated_at`) VALUES (8, 50359, 'Australia', 'Connecticut', 'Runolfssonshire', 'Schumm Rapids', '89992', '114', '1980-02-27 16:22:58', '2006-10-18 02:49:26');
INSERT INTO `addresses` (`id`, `zipcode`, `country`, `region`, `city`, `street`, `house_num`, `flat_num`, `created_at`, `updated_at`) VALUES (9, 38627, 'Iceland', 'Oklahoma', 'Gleasonfort', 'Armstrong Circles', '10560', '371', '2010-01-28 21:45:02', '1984-07-22 12:03:46');
INSERT INTO `addresses` (`id`, `zipcode`, `country`, `region`, `city`, `street`, `house_num`, `flat_num`, `created_at`, `updated_at`) VALUES (10, 63319, 'Mali', 'District of Columbia', 'East Constantinfort', 'Hyatt Rest', '09696', '489', '1973-06-08 20:12:37', '1993-06-18 00:38:29');
INSERT INTO `addresses` (`id`, `zipcode`, `country`, `region`, `city`, `street`, `house_num`, `flat_num`, `created_at`, `updated_at`) VALUES (11, 99663, 'Bosnia and Herzegovina', 'Missouri', 'Lake Katelinfort', 'Tillman Rue', '679', '451', '2000-07-07 18:13:14', '2017-01-02 08:34:24');
INSERT INTO `addresses` (`id`, `zipcode`, `country`, `region`, `city`, `street`, `house_num`, `flat_num`, `created_at`, `updated_at`) VALUES (12, 96539, 'Gibraltar', 'Missouri', 'North Alfredomouth', 'Cassin Ranch', '320', '297', '1979-07-03 00:24:59', '2017-01-21 20:31:24');
INSERT INTO `addresses` (`id`, `zipcode`, `country`, `region`, `city`, `street`, `house_num`, `flat_num`, `created_at`, `updated_at`) VALUES (13, 31152, 'Honduras', 'Illinois', 'New Rosetta', 'Maureen Brook', '022', '234', '1998-11-23 13:00:48', '2004-06-20 03:24:54');
INSERT INTO `addresses` (`id`, `zipcode`, `country`, `region`, `city`, `street`, `house_num`, `flat_num`, `created_at`, `updated_at`) VALUES (14, 85942, 'Cyprus', 'WestVirginia', 'Farrellton', 'Tristin Drives', '102', '125', '2017-10-14 04:00:57', '2016-05-19 17:47:34');
INSERT INTO `addresses` (`id`, `zipcode`, `country`, `region`, `city`, `street`, `house_num`, `flat_num`, `created_at`, `updated_at`) VALUES (15, 96926, 'Namibia', 'Tennessee', 'South Rowenaside', 'Lilyan Landing', '4819', '473', '1998-02-22 03:31:37', '1996-04-18 01:18:20');
INSERT INTO `addresses` (`id`, `zipcode`, `country`, `region`, `city`, `street`, `house_num`, `flat_num`, `created_at`, `updated_at`) VALUES (16, 69388, 'Bermuda', 'WestVirginia', 'West Holly', 'Grace Walk', '581', '297', '1983-10-08 05:41:41', '1987-10-22 01:04:17');
INSERT INTO `addresses` (`id`, `zipcode`, `country`, `region`, `city`, `street`, `house_num`, `flat_num`, `created_at`, `updated_at`) VALUES (17, 70097, 'Cote d\'Ivoire', 'Minnesota', 'West Mableborough', 'Jackeline Skyway', '64769', '170', '1973-08-13 07:44:37', '2005-05-27 01:29:37');
INSERT INTO `addresses` (`id`, `zipcode`, `country`, `region`, `city`, `street`, `house_num`, `flat_num`, `created_at`, `updated_at`) VALUES (18, 65825, 'Korea', 'District of Columbia', 'Sanfordborough', 'Stiedemann Shores', '8827', '472', '2007-07-21 10:32:36', '1994-10-09 15:01:45');
INSERT INTO `addresses` (`id`, `zipcode`, `country`, `region`, `city`, `street`, `house_num`, `flat_num`, `created_at`, `updated_at`) VALUES (19, 62611, 'Uzbekistan', 'RhodeIsland', 'Lake Zackary', 'Harvey Mountain', '680', '161', '1979-10-17 23:37:39', '1995-12-26 20:08:10');
INSERT INTO `addresses` (`id`, `zipcode`, `country`, `region`, `city`, `street`, `house_num`, `flat_num`, `created_at`, `updated_at`) VALUES (20, 68850, 'Guadeloupe', 'Mississippi', 'Vivianeville', 'Hickle Grove', '911', '220', '2003-06-17 16:58:13', '1997-10-04 02:21:27');
INSERT INTO `addresses` (`id`, `zipcode`, `country`, `region`, `city`, `street`, `house_num`, `flat_num`, `created_at`, `updated_at`) VALUES (21, 94153, 'Qatar', 'Maine', 'East Ayanaview', 'Heaney Vista', '661', '373', '2011-04-21 07:27:04', '1995-12-17 08:17:34');
INSERT INTO `addresses` (`id`, `zipcode`, `country`, `region`, `city`, `street`, `house_num`, `flat_num`, `created_at`, `updated_at`) VALUES (22, 75095, 'South Africa', 'Ohio', 'Keeblerland', 'Rowe Street', '0962', '429', '1981-05-07 13:14:13', '1976-11-27 05:18:23');
INSERT INTO `addresses` (`id`, `zipcode`, `country`, `region`, `city`, `street`, `house_num`, `flat_num`, `created_at`, `updated_at`) VALUES (23, 46738, 'Georgia', 'NewYork', 'New Caterinatown', 'Berniece Street', '07459', '140', '1975-12-10 00:29:58', '1980-04-25 05:14:09');
INSERT INTO `addresses` (`id`, `zipcode`, `country`, `region`, `city`, `street`, `house_num`, `flat_num`, `created_at`, `updated_at`) VALUES (24, 22026, 'Israel', 'Connecticut', 'New Adolfoland', 'Mikayla Pike', '422', '286', '2009-08-01 16:45:23', '2018-08-11 03:23:15');
INSERT INTO `addresses` (`id`, `zipcode`, `country`, `region`, `city`, `street`, `house_num`, `flat_num`, `created_at`, `updated_at`) VALUES (25, 32699, 'Saudi Arabia', 'SouthCarolina', 'South Maxfort', 'Stanford Brooks', '119', '99', '1997-05-19 20:43:06', '2016-07-12 15:01:36');
INSERT INTO `addresses` (`id`, `zipcode`, `country`, `region`, `city`, `street`, `house_num`, `flat_num`, `created_at`, `updated_at`) VALUES (26, 71528, 'Serbia', 'Tennessee', 'Olsonville', 'Leonel Spurs', '497', '418', '2019-03-27 02:54:56', '2010-03-08 23:50:24');
INSERT INTO `addresses` (`id`, `zipcode`, `country`, `region`, `city`, `street`, `house_num`, `flat_num`, `created_at`, `updated_at`) VALUES (27, 33244, 'Iran', 'Maine', 'West Adriana', 'Teresa Parks', '1227', '145', '1998-10-20 03:50:54', '1983-07-31 19:35:03');
INSERT INTO `addresses` (`id`, `zipcode`, `country`, `region`, `city`, `street`, `house_num`, `flat_num`, `created_at`, `updated_at`) VALUES (28, 32223, 'Mali', 'Indiana', 'Zenaborough', 'Ezekiel View', '0802', '49', '1985-08-30 02:04:22', '1972-11-26 03:00:01');
INSERT INTO `addresses` (`id`, `zipcode`, `country`, `region`, `city`, `street`, `house_num`, `flat_num`, `created_at`, `updated_at`) VALUES (29, 31736, 'Nigeria', 'Pennsylvania', 'Tremblaytown', 'Gusikowski Wells', '39591', '267', '2015-09-26 02:32:57', '1994-07-03 14:37:02');
INSERT INTO `addresses` (`id`, `zipcode`, `country`, `region`, `city`, `street`, `house_num`, `flat_num`, `created_at`, `updated_at`) VALUES (30, 84375, 'Martinique', 'Tennessee', 'Kertzmannton', 'Emard Lodge', '7596', '462', '1974-02-27 16:06:30', '1981-02-10 16:43:18');
INSERT INTO `addresses` (`id`, `zipcode`, `country`, `region`, `city`, `street`, `house_num`, `flat_num`, `created_at`, `updated_at`) VALUES (31, 75109, 'Saint Kitts and Nevis', 'RhodeIsland', 'East Michaelburgh', 'Ibrahim Key', '12118', '257', '1981-03-16 01:31:07', '1970-03-24 20:58:49');
INSERT INTO `addresses` (`id`, `zipcode`, `country`, `region`, `city`, `street`, `house_num`, `flat_num`, `created_at`, `updated_at`) VALUES (32, 22742, 'Cambodia', 'Pennsylvania', 'Merlebury', 'Nathanael Ford', '964', '126', '1971-07-07 20:56:53', '1971-08-03 12:42:24');
INSERT INTO `addresses` (`id`, `zipcode`, `country`, `region`, `city`, `street`, `house_num`, `flat_num`, `created_at`, `updated_at`) VALUES (33, 73182, 'Bolivia', 'Pennsylvania', 'Rahsaanville', 'Corrine Turnpike', '30647', '20', '2012-05-12 04:01:27', '1998-05-13 17:32:09');
INSERT INTO `addresses` (`id`, `zipcode`, `country`, `region`, `city`, `street`, `house_num`, `flat_num`, `created_at`, `updated_at`) VALUES (34, 77048, 'Eritrea', 'WestVirginia', 'Port Carmineport', 'Van Cove', '8075', '115', '1995-04-22 22:46:15', '1978-06-01 23:41:56');
INSERT INTO `addresses` (`id`, `zipcode`, `country`, `region`, `city`, `street`, `house_num`, `flat_num`, `created_at`, `updated_at`) VALUES (35, 12424, 'Jersey', 'Arizona', 'Goodwinville', 'Carol Tunnel', '727', '65', '1988-09-26 00:09:16', '2009-05-18 21:18:53');
INSERT INTO `addresses` (`id`, `zipcode`, `country`, `region`, `city`, `street`, `house_num`, `flat_num`, `created_at`, `updated_at`) VALUES (36, 60011, 'Maldives', 'Delaware', 'North Dina', 'Ebony Common', '99504', '330', '1990-05-16 08:22:34', '1999-01-31 02:06:15');
INSERT INTO `addresses` (`id`, `zipcode`, `country`, `region`, `city`, `street`, `house_num`, `flat_num`, `created_at`, `updated_at`) VALUES (37, 7494, 'Slovakia (Slovak Republic)', 'Pennsylvania', 'New Meaganmouth', 'Denesik Squares', '477', '417', '1992-09-20 01:18:10', '1996-09-06 17:50:42');
INSERT INTO `addresses` (`id`, `zipcode`, `country`, `region`, `city`, `street`, `house_num`, `flat_num`, `created_at`, `updated_at`) VALUES (38, 44901, 'Papua New Guinea', 'Wyoming', 'North Kaylinport', 'Thompson Dam', '54665', '350', '2011-03-03 09:40:21', '2006-04-02 11:30:01');
INSERT INTO `addresses` (`id`, `zipcode`, `country`, `region`, `city`, `street`, `house_num`, `flat_num`, `created_at`, `updated_at`) VALUES (39, 33817, 'Guinea-Bissau', 'Idaho', 'East Laurine', 'Cheyenne Meadow', '013', '96', '1990-12-08 13:50:08', '1976-04-10 22:02:41');
INSERT INTO `addresses` (`id`, `zipcode`, `country`, `region`, `city`, `street`, `house_num`, `flat_num`, `created_at`, `updated_at`) VALUES (40, 56716, 'Romania', 'Delaware', 'Port Arjunton', 'Lauretta Parkway', '63306', '165', '1979-10-08 16:00:10', '1994-11-01 18:47:30');
INSERT INTO `addresses` (`id`, `zipcode`, `country`, `region`, `city`, `street`, `house_num`, `flat_num`, `created_at`, `updated_at`) VALUES (41, 77159, 'Marshall Islands', 'NewJersey', 'Emoryside', 'Corkery Island', '0532', '363', '1987-02-08 08:00:54', '2003-04-18 09:56:50');
INSERT INTO `addresses` (`id`, `zipcode`, `country`, `region`, `city`, `street`, `house_num`, `flat_num`, `created_at`, `updated_at`) VALUES (42, 85108, 'Turks and Caicos Islands', 'NewYork', 'East Marta', 'Claud Island', '290', '353', '1993-12-27 05:19:22', '1985-03-23 02:23:13');
INSERT INTO `addresses` (`id`, `zipcode`, `country`, `region`, `city`, `street`, `house_num`, `flat_num`, `created_at`, `updated_at`) VALUES (43, 36179, 'Pakistan', 'WestVirginia', 'Stammport', 'Elisha Motorway', '186', '78', '2010-07-27 04:43:29', '1975-02-10 04:49:32');
INSERT INTO `addresses` (`id`, `zipcode`, `country`, `region`, `city`, `street`, `house_num`, `flat_num`, `created_at`, `updated_at`) VALUES (44, 4949, 'Somalia', 'California', 'New Titusshire', 'Jacobi Field', '9846', '262', '2001-01-03 14:57:54', '2001-02-12 04:43:02');
INSERT INTO `addresses` (`id`, `zipcode`, `country`, `region`, `city`, `street`, `house_num`, `flat_num`, `created_at`, `updated_at`) VALUES (45, 68675, 'Montenegro', 'Maryland', 'Lake Amiemouth', 'Erick Mews', '88163', '87', '1978-05-13 17:07:21', '1985-10-25 06:00:11');
INSERT INTO `addresses` (`id`, `zipcode`, `country`, `region`, `city`, `street`, `house_num`, `flat_num`, `created_at`, `updated_at`) VALUES (46, 56470, 'Northern Mariana Islands', 'Minnesota', 'Wolfffort', 'Willy Creek', '3377', '315', '1976-10-18 06:04:27', '2000-02-03 20:36:12');
INSERT INTO `addresses` (`id`, `zipcode`, `country`, `region`, `city`, `street`, `house_num`, `flat_num`, `created_at`, `updated_at`) VALUES (47, 37722, 'Malawi', 'Louisiana', 'Wunschmouth', 'Eveline Gateway', '56354', '255', '1974-10-26 21:12:48', '1997-08-31 11:48:16');
INSERT INTO `addresses` (`id`, `zipcode`, `country`, `region`, `city`, `street`, `house_num`, `flat_num`, `created_at`, `updated_at`) VALUES (48, 58551, 'Tanzania', 'Alaska', 'Considinemouth', 'Leonora Cove', '393', '466', '1974-11-22 17:58:09', '1989-01-12 02:03:36');
INSERT INTO `addresses` (`id`, `zipcode`, `country`, `region`, `city`, `street`, `house_num`, `flat_num`, `created_at`, `updated_at`) VALUES (49, 28540, 'China', 'Illinois', 'Lake Ronny', 'Taya Shoals', '9084', '242', '1971-01-01 11:28:43', '1996-05-23 23:03:07');
INSERT INTO `addresses` (`id`, `zipcode`, `country`, `region`, `city`, `street`, `house_num`, `flat_num`, `created_at`, `updated_at`) VALUES (50, 46326, 'Pakistan', 'Vermont', 'Lonniebury', 'Homenick Stravenue', '7791', '138', '1990-01-01 15:45:06', '2010-04-24 23:53:52');
INSERT INTO `addresses` (`id`, `zipcode`, `country`, `region`, `city`, `street`, `house_num`, `flat_num`, `created_at`, `updated_at`) VALUES (51, 59210, 'Kazakhstan', 'Ohio', 'Lake Hilbertfurt', 'Stamm Ridges', '83265', '456', '1988-12-24 06:45:25', '2015-07-22 12:38:56');
INSERT INTO `addresses` (`id`, `zipcode`, `country`, `region`, `city`, `street`, `house_num`, `flat_num`, `created_at`, `updated_at`) VALUES (52, 82836, 'Sao Tome and Principe', 'California', 'North Cole', 'Jermaine Center', '1420', '486', '1981-02-21 21:07:09', '2005-10-02 16:03:29');
INSERT INTO `addresses` (`id`, `zipcode`, `country`, `region`, `city`, `street`, `house_num`, `flat_num`, `created_at`, `updated_at`) VALUES (53, 16530, 'Fiji', 'Virginia', 'North Aricport', 'Reinger Divide', '4768', '241', '1987-08-05 20:52:05', '1988-08-20 10:21:54');
INSERT INTO `addresses` (`id`, `zipcode`, `country`, `region`, `city`, `street`, `house_num`, `flat_num`, `created_at`, `updated_at`) VALUES (54, 1167, 'Monaco', 'Oklahoma', 'Feilburgh', 'Dare Throughway', '29926', '421', '1987-09-21 16:33:51', '2019-02-24 03:52:56');
INSERT INTO `addresses` (`id`, `zipcode`, `country`, `region`, `city`, `street`, `house_num`, `flat_num`, `created_at`, `updated_at`) VALUES (55, 1070, 'Burkina Faso', 'Missouri', 'Lake Litzyland', 'Valentin Terrace', '3640', '222', '1997-09-13 08:12:09', '1986-06-11 05:23:49');
INSERT INTO `addresses` (`id`, `zipcode`, `country`, `region`, `city`, `street`, `house_num`, `flat_num`, `created_at`, `updated_at`) VALUES (56, 69287, 'Cook Islands', 'Alabama', 'Rupertton', 'Rafaela Lock', '8900', '100', '1971-02-22 17:14:29', '1996-04-17 02:25:26');
INSERT INTO `addresses` (`id`, `zipcode`, `country`, `region`, `city`, `street`, `house_num`, `flat_num`, `created_at`, `updated_at`) VALUES (57, 22525, 'Venezuela', 'Maine', 'Rasheedborough', 'Nellie Oval', '1770', '468', '1998-12-02 02:44:11', '1984-06-23 01:10:14');
INSERT INTO `addresses` (`id`, `zipcode`, `country`, `region`, `city`, `street`, `house_num`, `flat_num`, `created_at`, `updated_at`) VALUES (58, 27722, 'Aruba', 'Oklahoma', 'Lake Sid', 'Vicky Shores', '121', '357', '1971-02-27 04:37:21', '1980-01-18 14:32:08');
INSERT INTO `addresses` (`id`, `zipcode`, `country`, `region`, `city`, `street`, `house_num`, `flat_num`, `created_at`, `updated_at`) VALUES (59, 54461, 'Madagascar', 'Louisiana', 'New Krysteltown', 'Alec Tunnel', '84838', '265', '2012-08-13 05:12:51', '1989-07-28 13:09:23');
INSERT INTO `addresses` (`id`, `zipcode`, `country`, `region`, `city`, `street`, `house_num`, `flat_num`, `created_at`, `updated_at`) VALUES (60, 59623, 'British Virgin Islands', 'NorthDakota', 'West Leopoldotown', 'Paige Place', '431', '186', '2016-08-23 06:19:04', '2016-09-20 13:01:17');
INSERT INTO `addresses` (`id`, `zipcode`, `country`, `region`, `city`, `street`, `house_num`, `flat_num`, `created_at`, `updated_at`) VALUES (61, 20264, 'Iceland', 'Oklahoma', 'Lake Abigayleton', 'Audie Station', '409', '471', '2003-09-04 10:24:44', '1970-12-30 16:14:40');
INSERT INTO `addresses` (`id`, `zipcode`, `country`, `region`, `city`, `street`, `house_num`, `flat_num`, `created_at`, `updated_at`) VALUES (62, 11592, 'Greenland', 'Iowa', 'Port Ethylchester', 'Osvaldo Hollow', '62823', '150', '1988-06-24 20:46:30', '2006-12-14 06:27:30');
INSERT INTO `addresses` (`id`, `zipcode`, `country`, `region`, `city`, `street`, `house_num`, `flat_num`, `created_at`, `updated_at`) VALUES (63, 14771, 'Northern Mariana Islands', 'Virginia', 'Lake Odell', 'Schumm Isle', '03418', '226', '2010-10-05 19:34:23', '2014-11-11 14:02:34');
INSERT INTO `addresses` (`id`, `zipcode`, `country`, `region`, `city`, `street`, `house_num`, `flat_num`, `created_at`, `updated_at`) VALUES (64, 95004, 'Northern Mariana Islands', 'SouthCarolina', 'New Adrian', 'Leffler Orchard', '9836', '351', '1972-10-23 13:03:25', '1980-11-21 21:40:31');
INSERT INTO `addresses` (`id`, `zipcode`, `country`, `region`, `city`, `street`, `house_num`, `flat_num`, `created_at`, `updated_at`) VALUES (65, 4701, 'Brunei Darussalam', 'Michigan', 'South Mya', 'Howell Court', '6690', '334', '1995-04-21 19:17:58', '1988-03-07 19:37:30');
INSERT INTO `addresses` (`id`, `zipcode`, `country`, `region`, `city`, `street`, `house_num`, `flat_num`, `created_at`, `updated_at`) VALUES (66, 67638, 'United Kingdom', 'Maryland', 'South Brown', 'Gladyce Field', '660', '113', '2017-08-07 09:43:00', '2008-01-24 08:21:00');
INSERT INTO `addresses` (`id`, `zipcode`, `country`, `region`, `city`, `street`, `house_num`, `flat_num`, `created_at`, `updated_at`) VALUES (67, 29584, 'Guernsey', 'Maine', 'Hartmannton', 'Jessie Mission', '9299', '497', '1987-12-11 19:49:31', '1992-01-09 02:40:16');
INSERT INTO `addresses` (`id`, `zipcode`, `country`, `region`, `city`, `street`, `house_num`, `flat_num`, `created_at`, `updated_at`) VALUES (68, 27406, 'Brazil', 'NorthCarolina', 'Vonburgh', 'Brando Forest', '692', '368', '1995-05-21 17:35:59', '2003-04-24 23:46:50');
INSERT INTO `addresses` (`id`, `zipcode`, `country`, `region`, `city`, `street`, `house_num`, `flat_num`, `created_at`, `updated_at`) VALUES (69, 30082, 'Svalbard & Jan Mayen Islands', 'Arkansas', 'Port Penelope', 'Schuster Meadows', '3058', '100', '1997-12-30 22:02:34', '2010-10-24 17:05:42');
INSERT INTO `addresses` (`id`, `zipcode`, `country`, `region`, `city`, `street`, `house_num`, `flat_num`, `created_at`, `updated_at`) VALUES (70, 90243, 'Kyrgyz Republic', 'Wyoming', 'Leannonshire', 'Josue Inlet', '615', '369', '2004-07-20 05:56:47', '1971-09-06 00:49:44');
INSERT INTO `addresses` (`id`, `zipcode`, `country`, `region`, `city`, `street`, `house_num`, `flat_num`, `created_at`, `updated_at`) VALUES (71, 85746, 'Hong Kong', 'Mississippi', 'Grantfort', 'Maurice Fort', '36533', '50', '1988-05-31 13:19:48', '1975-09-08 18:46:30');
INSERT INTO `addresses` (`id`, `zipcode`, `country`, `region`, `city`, `street`, `house_num`, `flat_num`, `created_at`, `updated_at`) VALUES (72, 18078, 'American Samoa', 'SouthCarolina', 'East Stefan', 'Jaquelin Port', '644', '337', '1997-08-31 16:16:10', '1993-05-17 01:51:02');
INSERT INTO `addresses` (`id`, `zipcode`, `country`, `region`, `city`, `street`, `house_num`, `flat_num`, `created_at`, `updated_at`) VALUES (73, 29606, 'Brazil', 'Wyoming', 'West Carliestad', 'Felipa Gateway', '960', '72', '1970-07-15 03:47:09', '1973-01-14 15:00:02');
INSERT INTO `addresses` (`id`, `zipcode`, `country`, `region`, `city`, `street`, `house_num`, `flat_num`, `created_at`, `updated_at`) VALUES (74, 273, 'Romania', 'Missouri', 'Yasmineville', 'Cleve Junction', '007', '267', '1977-07-31 06:54:11', '1986-07-25 17:36:16');
INSERT INTO `addresses` (`id`, `zipcode`, `country`, `region`, `city`, `street`, `house_num`, `flat_num`, `created_at`, `updated_at`) VALUES (75, 36675, 'Saint Martin', 'Missouri', 'Eugeniaburgh', 'Fletcher Pike', '5040', '317', '2010-06-01 08:17:02', '1988-08-07 01:12:07');
INSERT INTO `addresses` (`id`, `zipcode`, `country`, `region`, `city`, `street`, `house_num`, `flat_num`, `created_at`, `updated_at`) VALUES (76, 30914, 'Nepal', 'Tennessee', 'East Sherman', 'Alberta Lock', '9937', '453', '1970-02-10 14:23:27', '2010-02-28 05:49:02');
INSERT INTO `addresses` (`id`, `zipcode`, `country`, `region`, `city`, `street`, `house_num`, `flat_num`, `created_at`, `updated_at`) VALUES (77, 57171, 'Iceland', 'NorthCarolina', 'West Arlene', 'Lacy Cove', '9416', '94', '2004-06-12 02:54:24', '2011-11-02 07:15:01');
INSERT INTO `addresses` (`id`, `zipcode`, `country`, `region`, `city`, `street`, `house_num`, `flat_num`, `created_at`, `updated_at`) VALUES (78, 66455, 'Myanmar', 'Nebraska', 'North Gussie', 'Marks Land', '7874', '272', '1997-12-03 18:33:55', '1991-01-02 04:02:18');
INSERT INTO `addresses` (`id`, `zipcode`, `country`, `region`, `city`, `street`, `house_num`, `flat_num`, `created_at`, `updated_at`) VALUES (79, 82002, 'Belize', 'Oklahoma', 'New Johnathan', 'Briana Junctions', '28533', '63', '1981-01-03 17:55:59', '2008-04-19 17:59:34');
INSERT INTO `addresses` (`id`, `zipcode`, `country`, `region`, `city`, `street`, `house_num`, `flat_num`, `created_at`, `updated_at`) VALUES (80, 93895, 'Cape Verde', 'NorthCarolina', 'West Judah', 'Collins Knoll', '33565', '262', '1994-09-07 09:16:32', '1983-03-30 01:24:09');
INSERT INTO `addresses` (`id`, `zipcode`, `country`, `region`, `city`, `street`, `house_num`, `flat_num`, `created_at`, `updated_at`) VALUES (81, 7083, 'Philippines', 'Maine', 'Port Patrickmouth', 'Carroll Station', '09478', '229', '2017-01-26 15:31:47', '2005-03-19 07:00:45');
INSERT INTO `addresses` (`id`, `zipcode`, `country`, `region`, `city`, `street`, `house_num`, `flat_num`, `created_at`, `updated_at`) VALUES (82, 89195, 'Montenegro', 'Missouri', 'Wisokystad', 'Kelly Court', '80551', '26', '1974-05-27 04:59:42', '1981-07-18 09:27:15');
INSERT INTO `addresses` (`id`, `zipcode`, `country`, `region`, `city`, `street`, `house_num`, `flat_num`, `created_at`, `updated_at`) VALUES (83, 11367, 'Portugal', 'Pennsylvania', 'New Vidabury', 'Rick Knoll', '149', '231', '2008-11-16 00:27:26', '2004-07-07 22:51:55');
INSERT INTO `addresses` (`id`, `zipcode`, `country`, `region`, `city`, `street`, `house_num`, `flat_num`, `created_at`, `updated_at`) VALUES (84, 37405, 'Bangladesh', 'Virginia', 'West Grant', 'Goldner Place', '0261', '313', '1986-09-11 22:19:50', '1976-07-13 00:59:33');
INSERT INTO `addresses` (`id`, `zipcode`, `country`, `region`, `city`, `street`, `house_num`, `flat_num`, `created_at`, `updated_at`) VALUES (85, 52549, 'Mali', 'California', 'North Reggie', 'Jensen Fields', '9863', '330', '1982-12-28 04:08:28', '2005-09-25 18:39:44');
INSERT INTO `addresses` (`id`, `zipcode`, `country`, `region`, `city`, `street`, `house_num`, `flat_num`, `created_at`, `updated_at`) VALUES (86, 90670, 'Ukraine', 'Texas', 'West Clemmie', 'Eileen Circle', '8480', '98', '2014-01-09 09:48:10', '2018-01-21 05:47:20');
INSERT INTO `addresses` (`id`, `zipcode`, `country`, `region`, `city`, `street`, `house_num`, `flat_num`, `created_at`, `updated_at`) VALUES (87, 85129, 'Samoa', 'Kansas', 'Felipehaven', 'Windler Isle', '4817', '422', '1998-10-03 17:05:53', '2013-09-26 06:54:12');
INSERT INTO `addresses` (`id`, `zipcode`, `country`, `region`, `city`, `street`, `house_num`, `flat_num`, `created_at`, `updated_at`) VALUES (88, 3684, 'Armenia', 'Washington', 'Altheaborough', 'Abbey Drive', '4413', '11', '2015-04-25 09:42:34', '2009-04-12 11:42:09');
INSERT INTO `addresses` (`id`, `zipcode`, `country`, `region`, `city`, `street`, `house_num`, `flat_num`, `created_at`, `updated_at`) VALUES (89, 94125, 'Korea', 'Oregon', 'Yundtfurt', 'Streich Motorway', '9675', '449', '2019-11-26 14:17:11', '2016-12-30 00:16:52');
INSERT INTO `addresses` (`id`, `zipcode`, `country`, `region`, `city`, `street`, `house_num`, `flat_num`, `created_at`, `updated_at`) VALUES (90, 89680, 'Canada', 'Minnesota', 'Pfannerstillport', 'Diamond Turnpike', '79337', '112', '1984-04-13 17:35:48', '1979-10-16 15:28:01');
INSERT INTO `addresses` (`id`, `zipcode`, `country`, `region`, `city`, `street`, `house_num`, `flat_num`, `created_at`, `updated_at`) VALUES (91, 9638, 'Lesotho', 'Colorado', 'Huelside', 'Reuben Wall', '224', '314', '1971-06-18 17:53:15', '1976-08-01 23:07:15');
INSERT INTO `addresses` (`id`, `zipcode`, `country`, `region`, `city`, `street`, `house_num`, `flat_num`, `created_at`, `updated_at`) VALUES (92, 14700, 'Saint Martin', 'Hawaii', 'East Octavia', 'Jamal View', '4494', '96', '2013-06-16 10:48:22', '1970-11-10 15:43:36');
INSERT INTO `addresses` (`id`, `zipcode`, `country`, `region`, `city`, `street`, `house_num`, `flat_num`, `created_at`, `updated_at`) VALUES (93, 39677, 'Canada', 'NorthDakota', 'Gerholdfort', 'Gerlach Circles', '8331', '293', '1990-09-15 07:12:39', '2009-01-11 22:17:53');
INSERT INTO `addresses` (`id`, `zipcode`, `country`, `region`, `city`, `street`, `house_num`, `flat_num`, `created_at`, `updated_at`) VALUES (94, 87390, 'Eritrea', 'Louisiana', 'Jazmynetown', 'Osborne Summit', '0150', '268', '2008-09-21 02:28:22', '1999-11-25 07:13:40');
INSERT INTO `addresses` (`id`, `zipcode`, `country`, `region`, `city`, `street`, `house_num`, `flat_num`, `created_at`, `updated_at`) VALUES (95, 81542, 'Brazil', 'Idaho', 'East Ophelia', 'Joshua Station', '3295', '471', '2004-12-12 06:00:53', '1992-10-17 19:58:39');
INSERT INTO `addresses` (`id`, `zipcode`, `country`, `region`, `city`, `street`, `house_num`, `flat_num`, `created_at`, `updated_at`) VALUES (96, 72464, 'Western Sahara', 'Massachusetts', 'North Shawnfurt', 'Gislason Cliffs', '113', '101', '2007-04-29 16:43:44', '1973-01-24 18:41:41');
INSERT INTO `addresses` (`id`, `zipcode`, `country`, `region`, `city`, `street`, `house_num`, `flat_num`, `created_at`, `updated_at`) VALUES (97, 55329, 'Bosnia and Herzegovina', 'NewJersey', 'North Cloydmouth', 'Larkin Hills', '65496', '311', '1970-09-11 08:53:23', '1988-03-25 10:48:27');
INSERT INTO `addresses` (`id`, `zipcode`, `country`, `region`, `city`, `street`, `house_num`, `flat_num`, `created_at`, `updated_at`) VALUES (98, 6449, 'New Caledonia', 'NorthDakota', 'Lake Rylantown', 'Turner Mountains', '238', '11', '1980-06-01 20:00:38', '1993-03-18 08:30:48');
INSERT INTO `addresses` (`id`, `zipcode`, `country`, `region`, `city`, `street`, `house_num`, `flat_num`, `created_at`, `updated_at`) VALUES (99, 59142, 'Liechtenstein', 'Oregon', 'Simonisfort', 'Kieran Orchard', '372', '452', '1979-09-08 10:48:01', '1978-08-05 00:15:39');
INSERT INTO `addresses` (`id`, `zipcode`, `country`, `region`, `city`, `street`, `house_num`, `flat_num`, `created_at`, `updated_at`) VALUES (100, 33671, 'Papua New Guinea', 'Massachusetts', 'North Emilytown', 'Daniel Island', '55306', '47', '1981-08-12 04:24:34', '2000-10-03 07:05:09');
INSERT INTO `addresses` (`id`, `zipcode`, `country`, `region`, `city`, `street`, `house_num`, `flat_num`, `created_at`, `updated_at`) VALUES (101, 36392, 'Bermuda', 'Virginia', 'West Mose', 'Micaela Parkways', '085', '154', '2018-08-08 03:44:48', '1981-07-06 17:50:22');
INSERT INTO `addresses` (`id`, `zipcode`, `country`, `region`, `city`, `street`, `house_num`, `flat_num`, `created_at`, `updated_at`) VALUES (102, 12537, 'Saint Martin', 'Pennsylvania', 'West Marcelinamouth', 'Anissa Islands', '21422', '413', '1994-02-08 07:33:28', '1981-04-20 17:31:45');
INSERT INTO `addresses` (`id`, `zipcode`, `country`, `region`, `city`, `street`, `house_num`, `flat_num`, `created_at`, `updated_at`) VALUES (103, 94953, 'Japan', 'NewYork', 'Einarfort', 'Sincere Parkway', '903', '361', '2006-11-01 19:04:53', '2003-10-07 02:49:30');
INSERT INTO `addresses` (`id`, `zipcode`, `country`, `region`, `city`, `street`, `house_num`, `flat_num`, `created_at`, `updated_at`) VALUES (104, 42957, 'Cocos (Keeling) Islands', 'Oregon', 'Elouisetown', 'Ernestina Overpass', '0165', '100', '1971-04-14 21:03:34', '1974-11-02 07:48:36');
INSERT INTO `addresses` (`id`, `zipcode`, `country`, `region`, `city`, `street`, `house_num`, `flat_num`, `created_at`, `updated_at`) VALUES (105, 3694, 'Malta', 'Nebraska', 'East Brett', 'Pinkie Ford', '1497', '252', '1974-07-30 07:14:34', '2016-08-31 22:39:19');
INSERT INTO `addresses` (`id`, `zipcode`, `country`, `region`, `city`, `street`, `house_num`, `flat_num`, `created_at`, `updated_at`) VALUES (106, 6451, 'French Guiana', 'Virginia', 'Lake Marciabury', 'Georgiana Ridges', '1365', '326', '2013-06-11 21:16:29', '1986-06-05 13:59:09');
INSERT INTO `addresses` (`id`, `zipcode`, `country`, `region`, `city`, `street`, `house_num`, `flat_num`, `created_at`, `updated_at`) VALUES (107, 41109, 'Myanmar', 'Vermont', 'Grayceborough', 'Otto Trail', '8053', '439', '2018-09-05 14:30:06', '2017-06-21 04:07:40');
INSERT INTO `addresses` (`id`, `zipcode`, `country`, `region`, `city`, `street`, `house_num`, `flat_num`, `created_at`, `updated_at`) VALUES (108, 78618, 'Dominica', 'Idaho', 'New Pabloside', 'Emelie Light', '9434', '316', '1991-10-14 20:44:23', '2014-07-28 23:33:18');
INSERT INTO `addresses` (`id`, `zipcode`, `country`, `region`, `city`, `street`, `house_num`, `flat_num`, `created_at`, `updated_at`) VALUES (109, 21480, 'Japan', 'Nevada', 'South Thaliaport', 'Dare Burg', '5313', '440', '2017-11-18 23:20:28', '1986-12-22 04:09:00');
INSERT INTO `addresses` (`id`, `zipcode`, `country`, `region`, `city`, `street`, `house_num`, `flat_num`, `created_at`, `updated_at`) VALUES (110, 99278, 'Comoros', 'NewJersey', 'Cordiafurt', 'Armstrong Crossing', '2779', '210', '1989-01-30 16:39:16', '2016-04-01 07:18:38');
INSERT INTO `addresses` (`id`, `zipcode`, `country`, `region`, `city`, `street`, `house_num`, `flat_num`, `created_at`, `updated_at`) VALUES (111, 67974, 'Syrian Arab Republic', 'Indiana', 'South Chris', 'Berge Plains', '088', '401', '2001-06-29 18:03:26', '2000-08-26 18:22:54');
INSERT INTO `addresses` (`id`, `zipcode`, `country`, `region`, `city`, `street`, `house_num`, `flat_num`, `created_at`, `updated_at`) VALUES (112, 98095, 'Rwanda', 'SouthCarolina', 'South Kenton', 'Russel Lakes', '544', '48', '1993-06-16 13:31:29', '1978-09-10 11:08:20');
INSERT INTO `addresses` (`id`, `zipcode`, `country`, `region`, `city`, `street`, `house_num`, `flat_num`, `created_at`, `updated_at`) VALUES (113, 86935, 'Mongolia', 'Michigan', 'Boyleberg', 'Reynold Neck', '8285', '241', '1993-06-30 18:21:58', '1984-11-06 16:45:25');
INSERT INTO `addresses` (`id`, `zipcode`, `country`, `region`, `city`, `street`, `house_num`, `flat_num`, `created_at`, `updated_at`) VALUES (114, 93340, 'Isle of Man', 'Mississippi', 'South Brisa', 'Burdette Cove', '2717', '170', '1997-09-10 05:13:32', '1972-06-21 13:47:39');
INSERT INTO `addresses` (`id`, `zipcode`, `country`, `region`, `city`, `street`, `house_num`, `flat_num`, `created_at`, `updated_at`) VALUES (115, 36355, 'Dominican Republic', 'Texas', 'Myriamhaven', 'Alycia Turnpike', '591', '146', '2018-08-22 21:35:47', '2001-05-22 02:14:58');
INSERT INTO `addresses` (`id`, `zipcode`, `country`, `region`, `city`, `street`, `house_num`, `flat_num`, `created_at`, `updated_at`) VALUES (116, 65909, 'Lesotho', 'Florida', 'Lake Chesterchester', 'Julia Trafficway', '714', '492', '2010-05-09 12:11:41', '2003-05-23 04:44:09');
INSERT INTO `addresses` (`id`, `zipcode`, `country`, `region`, `city`, `street`, `house_num`, `flat_num`, `created_at`, `updated_at`) VALUES (117, 86203, 'Malaysia', 'NewJersey', 'North Bryonhaven', 'Brain Springs', '60985', '143', '1996-02-05 22:16:24', '1999-06-06 08:27:22');
INSERT INTO `addresses` (`id`, `zipcode`, `country`, `region`, `city`, `street`, `house_num`, `flat_num`, `created_at`, `updated_at`) VALUES (118, 77712, 'Angola', 'Louisiana', 'Port Jaylanburgh', 'Brooke Rapids', '18901', '289', '2019-02-01 14:17:17', '1976-12-28 09:20:10');
INSERT INTO `addresses` (`id`, `zipcode`, `country`, `region`, `city`, `street`, `house_num`, `flat_num`, `created_at`, `updated_at`) VALUES (119, 29556, 'Peru', 'NorthCarolina', 'North Isaias', 'Adrienne Point', '3360', '451', '1986-10-27 03:18:50', '1978-01-21 20:43:22');
INSERT INTO `addresses` (`id`, `zipcode`, `country`, `region`, `city`, `street`, `house_num`, `flat_num`, `created_at`, `updated_at`) VALUES (120, 7532, 'Brazil', 'WestVirginia', 'Jacobston', 'Foster Summit', '402', '348', '2006-05-18 02:10:04', '1987-11-19 19:31:47');
INSERT INTO `addresses` (`id`, `zipcode`, `country`, `region`, `city`, `street`, `house_num`, `flat_num`, `created_at`, `updated_at`) VALUES (121, 12175, 'Nauru', 'Texas', 'New Marilie', 'Loy Key', '312', '282', '1977-01-15 12:06:07', '1973-07-11 19:54:48');
INSERT INTO `addresses` (`id`, `zipcode`, `country`, `region`, `city`, `street`, `house_num`, `flat_num`, `created_at`, `updated_at`) VALUES (122, 21678, 'Barbados', 'Georgia', 'Harrytown', 'Macejkovic Courts', '938', '93', '1986-07-16 05:30:54', '1976-12-28 12:17:48');
INSERT INTO `addresses` (`id`, `zipcode`, `country`, `region`, `city`, `street`, `house_num`, `flat_num`, `created_at`, `updated_at`) VALUES (123, 12882, 'Uzbekistan', 'Kansas', 'South Emil', 'Gerhold Spur', '872', '235', '1974-11-01 01:52:10', '1985-09-23 10:11:44');
INSERT INTO `addresses` (`id`, `zipcode`, `country`, `region`, `city`, `street`, `house_num`, `flat_num`, `created_at`, `updated_at`) VALUES (124, 22605, 'Czech Republic', 'Missouri', 'South Mellie', 'Kiehn Village', '152', '1', '1989-12-19 19:09:11', '2008-06-19 19:49:31');
INSERT INTO `addresses` (`id`, `zipcode`, `country`, `region`, `city`, `street`, `house_num`, `flat_num`, `created_at`, `updated_at`) VALUES (125, 97760, 'Morocco', 'Alaska', 'South Willieton', 'Turner Estates', '822', '101', '1997-10-20 22:05:54', '2011-03-04 16:50:02');
INSERT INTO `addresses` (`id`, `zipcode`, `country`, `region`, `city`, `street`, `house_num`, `flat_num`, `created_at`, `updated_at`) VALUES (126, 14762, 'Zimbabwe', 'Colorado', 'Simside', 'Charles Ford', '220', '347', '2003-03-18 20:26:11', '1993-01-21 18:53:36');
INSERT INTO `addresses` (`id`, `zipcode`, `country`, `region`, `city`, `street`, `house_num`, `flat_num`, `created_at`, `updated_at`) VALUES (127, 59435, 'Saint Helena', 'Iowa', 'Armandoshire', 'Sage Parkways', '0118', '302', '1976-11-23 14:31:41', '1970-11-28 20:49:58');
INSERT INTO `addresses` (`id`, `zipcode`, `country`, `region`, `city`, `street`, `house_num`, `flat_num`, `created_at`, `updated_at`) VALUES (128, 30164, 'Argentina', 'Nevada', 'Metzmouth', 'Fay Spurs', '0548', '457', '1978-06-29 04:25:53', '2007-05-18 14:57:15');
INSERT INTO `addresses` (`id`, `zipcode`, `country`, `region`, `city`, `street`, `house_num`, `flat_num`, `created_at`, `updated_at`) VALUES (129, 38936, 'Bahrain', 'Montana', 'Langshire', 'Dashawn Keys', '46975', '307', '2009-06-28 19:22:23', '1978-10-03 02:47:04');
INSERT INTO `addresses` (`id`, `zipcode`, `country`, `region`, `city`, `street`, `house_num`, `flat_num`, `created_at`, `updated_at`) VALUES (130, 4848, 'Russian Federation', 'District of Columbia', 'Lake Coreneburgh', 'Ebert Light', '221', '394', '1971-10-25 07:32:53', '1994-01-04 09:03:18');
INSERT INTO `addresses` (`id`, `zipcode`, `country`, `region`, `city`, `street`, `house_num`, `flat_num`, `created_at`, `updated_at`) VALUES (131, 74783, 'Liberia', 'NewHampshire', 'New Kristyland', 'Dickens Walks', '3230', '117', '1971-11-04 01:39:37', '2020-01-05 00:06:13');
INSERT INTO `addresses` (`id`, `zipcode`, `country`, `region`, `city`, `street`, `house_num`, `flat_num`, `created_at`, `updated_at`) VALUES (132, 7773, 'Timor-Leste', 'Kentucky', 'East Keshawn', 'Tobin Trace', '7622', '192', '1987-10-05 11:36:14', '2004-11-26 23:17:19');
INSERT INTO `addresses` (`id`, `zipcode`, `country`, `region`, `city`, `street`, `house_num`, `flat_num`, `created_at`, `updated_at`) VALUES (133, 50147, 'Senegal', 'NewHampshire', 'East Alizefort', 'Hallie Trafficway', '5837', '493', '2004-10-28 21:51:56', '2012-03-08 02:20:48');
INSERT INTO `addresses` (`id`, `zipcode`, `country`, `region`, `city`, `street`, `house_num`, `flat_num`, `created_at`, `updated_at`) VALUES (134, 42769, 'Mexico', 'Oklahoma', 'Langoshton', 'Jacobs Tunnel', '4118', '171', '1994-03-14 16:15:43', '1983-06-04 07:29:45');
INSERT INTO `addresses` (`id`, `zipcode`, `country`, `region`, `city`, `street`, `house_num`, `flat_num`, `created_at`, `updated_at`) VALUES (135, 58047, 'Djibouti', 'Colorado', 'Cobyview', 'Blanda Mountain', '5635', '429', '1985-08-06 11:14:42', '2010-06-19 17:04:53');
INSERT INTO `addresses` (`id`, `zipcode`, `country`, `region`, `city`, `street`, `house_num`, `flat_num`, `created_at`, `updated_at`) VALUES (136, 63014, 'Estonia', 'Nevada', 'New Royce', 'Bailey Ridges', '67614', '391', '1994-04-08 11:00:46', '1977-10-11 05:48:27');
INSERT INTO `addresses` (`id`, `zipcode`, `country`, `region`, `city`, `street`, `house_num`, `flat_num`, `created_at`, `updated_at`) VALUES (137, 94928, 'Saint Vincent and the Grenadines', 'SouthCarolina', 'West Lilla', 'Abbott Ports', '2573', '432', '1984-06-07 07:57:22', '1970-08-04 00:09:57');
INSERT INTO `addresses` (`id`, `zipcode`, `country`, `region`, `city`, `street`, `house_num`, `flat_num`, `created_at`, `updated_at`) VALUES (138, 66482, 'Ecuador', 'Wisconsin', 'New Hiram', 'Destini Burgs', '0881', '36', '2010-05-27 04:38:48', '1985-12-12 09:32:33');
INSERT INTO `addresses` (`id`, `zipcode`, `country`, `region`, `city`, `street`, `house_num`, `flat_num`, `created_at`, `updated_at`) VALUES (139, 64896, 'Korea', 'Florida', 'West Elinoreburgh', 'Idell Pass', '055', '144', '2011-03-21 22:04:42', '1982-03-15 20:53:11');
INSERT INTO `addresses` (`id`, `zipcode`, `country`, `region`, `city`, `street`, `house_num`, `flat_num`, `created_at`, `updated_at`) VALUES (140, 17234, 'Antarctica (the territory South of 60 deg S)', 'Washington', 'Port Freddy', 'Elizabeth Course', '60105', '79', '1982-02-17 11:15:59', '1985-01-16 10:47:18');
INSERT INTO `addresses` (`id`, `zipcode`, `country`, `region`, `city`, `street`, `house_num`, `flat_num`, `created_at`, `updated_at`) VALUES (141, 35991, 'Slovakia (Slovak Republic)', 'Maine', 'Robelville', 'Stoltenberg Well', '549', '404', '1996-12-13 22:00:34', '1982-09-12 19:19:32');
INSERT INTO `addresses` (`id`, `zipcode`, `country`, `region`, `city`, `street`, `house_num`, `flat_num`, `created_at`, `updated_at`) VALUES (142, 56923, 'Gabon', 'Arizona', 'Schummfurt', 'Tillman Vista', '662', '398', '1973-11-18 18:21:34', '1999-09-16 12:55:42');
INSERT INTO `addresses` (`id`, `zipcode`, `country`, `region`, `city`, `street`, `house_num`, `flat_num`, `created_at`, `updated_at`) VALUES (143, 10197, 'Samoa', 'SouthCarolina', 'Lake Neoma', 'Mosciski Wells', '679', '131', '2019-02-22 09:39:10', '1979-02-04 02:06:09');
INSERT INTO `addresses` (`id`, `zipcode`, `country`, `region`, `city`, `street`, `house_num`, `flat_num`, `created_at`, `updated_at`) VALUES (144, 58171, 'Latvia', 'Kansas', 'Port Theo', 'Mable Ports', '16065', '63', '1974-05-16 21:55:23', '1986-01-01 12:46:40');
INSERT INTO `addresses` (`id`, `zipcode`, `country`, `region`, `city`, `street`, `house_num`, `flat_num`, `created_at`, `updated_at`) VALUES (145, 68063, 'Guatemala', 'Oklahoma', 'Port Scarlettburgh', 'Fisher Creek', '43127', '342', '1981-06-13 15:45:20', '2015-01-13 08:20:56');
INSERT INTO `addresses` (`id`, `zipcode`, `country`, `region`, `city`, `street`, `house_num`, `flat_num`, `created_at`, `updated_at`) VALUES (146, 89899, 'Mauritius', 'Vermont', 'South Jeramie', 'Odie Way', '577', '120', '1983-10-19 08:57:32', '2008-06-15 05:56:49');
INSERT INTO `addresses` (`id`, `zipcode`, `country`, `region`, `city`, `street`, `house_num`, `flat_num`, `created_at`, `updated_at`) VALUES (147, 90644, 'Singapore', 'District of Columbia', 'Lake Makenna', 'Crist Lights', '901', '5', '2000-01-03 05:55:47', '1997-11-06 15:10:46');
INSERT INTO `addresses` (`id`, `zipcode`, `country`, `region`, `city`, `street`, `house_num`, `flat_num`, `created_at`, `updated_at`) VALUES (148, 5930, 'Lao People\'s Democratic Republic', 'Washington', 'Murphymouth', 'Hector Orchard', '3778', '420', '1999-09-22 23:08:21', '2006-08-04 20:12:12');
INSERT INTO `addresses` (`id`, `zipcode`, `country`, `region`, `city`, `street`, `house_num`, `flat_num`, `created_at`, `updated_at`) VALUES (149, 31689, 'Jersey', 'RhodeIsland', 'Hintzfort', 'Andreane Curve', '65477', '373', '1971-12-19 12:11:47', '1991-05-26 21:35:56');
INSERT INTO `addresses` (`id`, `zipcode`, `country`, `region`, `city`, `street`, `house_num`, `flat_num`, `created_at`, `updated_at`) VALUES (150, 98946, 'Equatorial Guinea', 'Alaska', 'West Marcel', 'Kessler Walk', '646', '259', '1974-08-25 02:12:31', '1996-04-13 06:49:49');
INSERT INTO `addresses` (`id`, `zipcode`, `country`, `region`, `city`, `street`, `house_num`, `flat_num`, `created_at`, `updated_at`) VALUES (151, 85617, 'Saint Martin', 'Kansas', 'Port Devinfurt', 'Aubrey Plains', '296', '157', '1980-08-04 05:11:31', '1983-04-30 15:57:09');
INSERT INTO `addresses` (`id`, `zipcode`, `country`, `region`, `city`, `street`, `house_num`, `flat_num`, `created_at`, `updated_at`) VALUES (152, 17322, 'Costa Rica', 'Idaho', 'Sadiestad', 'Gussie Road', '15851', '118', '1973-12-12 20:44:31', '1989-04-06 10:20:58');
INSERT INTO `addresses` (`id`, `zipcode`, `country`, `region`, `city`, `street`, `house_num`, `flat_num`, `created_at`, `updated_at`) VALUES (153, 82611, 'Tokelau', 'Wisconsin', 'Lake Michelle', 'Tod Square', '0105', '492', '2008-09-25 04:24:21', '2004-02-15 22:54:48');
INSERT INTO `addresses` (`id`, `zipcode`, `country`, `region`, `city`, `street`, `house_num`, `flat_num`, `created_at`, `updated_at`) VALUES (154, 77046, 'French Polynesia', 'Arkansas', 'Port Damienborough', 'Pfannerstill Land', '43061', '221', '1980-09-24 16:59:47', '1998-11-22 21:58:08');
INSERT INTO `addresses` (`id`, `zipcode`, `country`, `region`, `city`, `street`, `house_num`, `flat_num`, `created_at`, `updated_at`) VALUES (155, 14530, 'Mali', 'Oklahoma', 'East Caterinaland', 'Josianne Lakes', '8348', '177', '1982-05-18 03:07:14', '2016-05-23 08:20:14');
INSERT INTO `addresses` (`id`, `zipcode`, `country`, `region`, `city`, `street`, `house_num`, `flat_num`, `created_at`, `updated_at`) VALUES (156, 45981, 'Burkina Faso', 'Ohio', 'New Neldaburgh', 'White Greens', '50893', '262', '2010-05-29 03:05:49', '2002-01-16 22:37:20');
INSERT INTO `addresses` (`id`, `zipcode`, `country`, `region`, `city`, `street`, `house_num`, `flat_num`, `created_at`, `updated_at`) VALUES (157, 53305, 'Germany', 'Michigan', 'East Victoria', 'Bednar Streets', '012', '137', '1987-05-03 06:10:04', '2004-01-08 06:53:13');
INSERT INTO `addresses` (`id`, `zipcode`, `country`, `region`, `city`, `street`, `house_num`, `flat_num`, `created_at`, `updated_at`) VALUES (158, 79578, 'Mauritius', 'Idaho', 'Stehrchester', 'Wolf Court', '221', '487', '1970-05-05 05:15:30', '1972-03-19 15:42:45');
INSERT INTO `addresses` (`id`, `zipcode`, `country`, `region`, `city`, `street`, `house_num`, `flat_num`, `created_at`, `updated_at`) VALUES (159, 20117, 'Saint Vincent and the Grenadines', 'Massachusetts', 'New Krystalmouth', 'Tyreek Avenue', '5483', '443', '2018-09-29 08:14:08', '2002-02-19 21:50:23');
INSERT INTO `addresses` (`id`, `zipcode`, `country`, `region`, `city`, `street`, `house_num`, `flat_num`, `created_at`, `updated_at`) VALUES (160, 64715, 'Argentina', 'Nevada', 'Oletatown', 'Purdy Lights', '28646', '401', '1996-10-07 17:27:34', '1980-03-07 16:29:36');
INSERT INTO `addresses` (`id`, `zipcode`, `country`, `region`, `city`, `street`, `house_num`, `flat_num`, `created_at`, `updated_at`) VALUES (161, 69209, 'Luxembourg', 'Connecticut', 'North Bentonbury', 'Antone Extensions', '2489', '71', '1992-02-12 03:28:59', '1972-01-14 16:40:43');
INSERT INTO `addresses` (`id`, `zipcode`, `country`, `region`, `city`, `street`, `house_num`, `flat_num`, `created_at`, `updated_at`) VALUES (162, 32844, 'India', 'NorthCarolina', 'East Maud', 'Upton Circle', '37478', '201', '2019-05-29 18:47:15', '2005-03-17 06:48:10');
INSERT INTO `addresses` (`id`, `zipcode`, `country`, `region`, `city`, `street`, `house_num`, `flat_num`, `created_at`, `updated_at`) VALUES (163, 59098, 'Faroe Islands', 'Arizona', 'South Dwightshire', 'Clay Turnpike', '6862', '167', '1995-06-25 11:11:46', '1978-06-14 12:37:50');
INSERT INTO `addresses` (`id`, `zipcode`, `country`, `region`, `city`, `street`, `house_num`, `flat_num`, `created_at`, `updated_at`) VALUES (164, 24337, 'Solomon Islands', 'RhodeIsland', 'Dannyton', 'Cronin Mission', '31746', '201', '2011-01-16 23:00:39', '1987-05-13 19:21:54');
INSERT INTO `addresses` (`id`, `zipcode`, `country`, `region`, `city`, `street`, `house_num`, `flat_num`, `created_at`, `updated_at`) VALUES (165, 33052, 'Belgium', 'Wyoming', 'North Gabriel', 'McKenzie Camp', '08998', '46', '2003-08-18 03:18:32', '1997-04-24 00:25:17');
INSERT INTO `addresses` (`id`, `zipcode`, `country`, `region`, `city`, `street`, `house_num`, `flat_num`, `created_at`, `updated_at`) VALUES (166, 87484, 'Kazakhstan', 'Florida', 'West Isobel', 'Marcella Ports', '76441', '241', '1988-03-12 16:34:05', '2019-08-30 01:22:30');
INSERT INTO `addresses` (`id`, `zipcode`, `country`, `region`, `city`, `street`, `house_num`, `flat_num`, `created_at`, `updated_at`) VALUES (167, 91683, 'Paraguay', 'Kansas', 'Shieldshaven', 'Jaskolski Lights', '769', '302', '1975-04-21 02:47:50', '1973-03-21 15:32:39');
INSERT INTO `addresses` (`id`, `zipcode`, `country`, `region`, `city`, `street`, `house_num`, `flat_num`, `created_at`, `updated_at`) VALUES (168, 36952, 'Guernsey', 'Virginia', 'Lake Barry', 'Enrique Court', '228', '348', '1980-12-14 14:27:07', '1979-04-10 13:06:38');
INSERT INTO `addresses` (`id`, `zipcode`, `country`, `region`, `city`, `street`, `house_num`, `flat_num`, `created_at`, `updated_at`) VALUES (169, 21001, 'Benin', 'Alaska', 'East Letha', 'Schimmel Bridge', '10470', '50', '1979-10-05 19:55:14', '2009-06-20 08:35:01');
INSERT INTO `addresses` (`id`, `zipcode`, `country`, `region`, `city`, `street`, `house_num`, `flat_num`, `created_at`, `updated_at`) VALUES (170, 39309, 'Saint Barthelemy', 'Nevada', 'Sawaynview', 'Deontae Light', '81168', '17', '1992-03-16 03:19:42', '1989-12-13 23:37:10');
INSERT INTO `addresses` (`id`, `zipcode`, `country`, `region`, `city`, `street`, `house_num`, `flat_num`, `created_at`, `updated_at`) VALUES (171, 25905, 'Qatar', 'Arkansas', 'Port Betty', 'Schaden Islands', '141', '311', '1985-12-13 03:01:36', '2014-02-25 04:51:59');
INSERT INTO `addresses` (`id`, `zipcode`, `country`, `region`, `city`, `street`, `house_num`, `flat_num`, `created_at`, `updated_at`) VALUES (172, 71005, 'Niue', 'Alaska', 'West Jedediahbury', 'Chandler Pike', '6285', '288', '2002-11-19 14:50:41', '1993-09-12 15:55:29');
INSERT INTO `addresses` (`id`, `zipcode`, `country`, `region`, `city`, `street`, `house_num`, `flat_num`, `created_at`, `updated_at`) VALUES (173, 8729, 'India', 'Connecticut', 'Lake Jeremy', 'Wunsch Ford', '22472', '409', '1989-07-25 21:27:18', '2013-08-16 10:09:33');
INSERT INTO `addresses` (`id`, `zipcode`, `country`, `region`, `city`, `street`, `house_num`, `flat_num`, `created_at`, `updated_at`) VALUES (174, 89076, 'Vanuatu', 'Oregon', 'Modestoburgh', 'Metz Forks', '283', '358', '1993-07-21 22:10:44', '2016-06-05 04:18:24');
INSERT INTO `addresses` (`id`, `zipcode`, `country`, `region`, `city`, `street`, `house_num`, `flat_num`, `created_at`, `updated_at`) VALUES (175, 57091, 'Saint Helena', 'Oregon', 'Cronaberg', 'Simonis Manors', '399', '403', '1974-03-11 17:11:24', '1975-10-04 18:23:13');
INSERT INTO `addresses` (`id`, `zipcode`, `country`, `region`, `city`, `street`, `house_num`, `flat_num`, `created_at`, `updated_at`) VALUES (176, 39607, 'Bouvet Island (Bouvetoya)', 'NewHampshire', 'Millsbury', 'Simeon Cliffs', '3532', '251', '2003-12-07 22:01:28', '1981-02-04 22:18:35');
INSERT INTO `addresses` (`id`, `zipcode`, `country`, `region`, `city`, `street`, `house_num`, `flat_num`, `created_at`, `updated_at`) VALUES (177, 61946, 'Barbados', 'Missouri', 'Wilfridville', 'Crist Lodge', '9582', '371', '1996-02-18 00:06:28', '2008-11-27 03:35:40');
INSERT INTO `addresses` (`id`, `zipcode`, `country`, `region`, `city`, `street`, `house_num`, `flat_num`, `created_at`, `updated_at`) VALUES (178, 74949, 'Niue', 'Arizona', 'Schmittshire', 'Batz Trafficway', '3697', '65', '1975-06-14 23:16:51', '1982-03-21 12:27:31');
INSERT INTO `addresses` (`id`, `zipcode`, `country`, `region`, `city`, `street`, `house_num`, `flat_num`, `created_at`, `updated_at`) VALUES (179, 91554, 'Maldives', 'Hawaii', 'Dianabury', 'Mann Throughway', '616', '444', '1980-02-09 13:20:05', '1991-09-14 15:02:16');
INSERT INTO `addresses` (`id`, `zipcode`, `country`, `region`, `city`, `street`, `house_num`, `flat_num`, `created_at`, `updated_at`) VALUES (180, 7522, 'China', 'Alaska', 'Port Metachester', 'Botsford Courts', '83726', '162', '1988-01-23 02:52:52', '1976-10-27 08:15:31');
INSERT INTO `addresses` (`id`, `zipcode`, `country`, `region`, `city`, `street`, `house_num`, `flat_num`, `created_at`, `updated_at`) VALUES (181, 82866, 'United Kingdom', 'NewJersey', 'Port Sheridan', 'Mattie Hollow', '638', '68', '1982-12-17 11:50:45', '1990-01-08 17:37:53');
INSERT INTO `addresses` (`id`, `zipcode`, `country`, `region`, `city`, `street`, `house_num`, `flat_num`, `created_at`, `updated_at`) VALUES (182, 40345, 'Togo', 'NewJersey', 'Whitemouth', 'Kutch Shores', '33985', '196', '2015-04-15 17:15:19', '1970-04-07 22:31:34');
INSERT INTO `addresses` (`id`, `zipcode`, `country`, `region`, `city`, `street`, `house_num`, `flat_num`, `created_at`, `updated_at`) VALUES (183, 68712, 'French Southern Territories', 'Massachusetts', 'Port Anthony', 'Mayer Cove', '2804', '20', '2014-12-15 14:22:40', '1975-09-26 15:13:53');
INSERT INTO `addresses` (`id`, `zipcode`, `country`, `region`, `city`, `street`, `house_num`, `flat_num`, `created_at`, `updated_at`) VALUES (184, 15436, 'Timor-Leste', 'Arizona', 'New Tessiebury', 'Kertzmann Fords', '447', '310', '1973-08-17 19:45:17', '1980-10-26 11:46:46');
INSERT INTO `addresses` (`id`, `zipcode`, `country`, `region`, `city`, `street`, `house_num`, `flat_num`, `created_at`, `updated_at`) VALUES (185, 54024, 'Italy', 'Pennsylvania', 'Wandaburgh', 'Marjory Extension', '8576', '143', '2011-04-11 04:23:43', '2010-11-15 17:14:48');
INSERT INTO `addresses` (`id`, `zipcode`, `country`, `region`, `city`, `street`, `house_num`, `flat_num`, `created_at`, `updated_at`) VALUES (186, 77105, 'Somalia', 'Delaware', 'New Olin', 'Nathanial Wall', '32841', '340', '2005-12-21 11:55:40', '1978-09-05 07:00:20');
INSERT INTO `addresses` (`id`, `zipcode`, `country`, `region`, `city`, `street`, `house_num`, `flat_num`, `created_at`, `updated_at`) VALUES (187, 86568, 'United Kingdom', 'Pennsylvania', 'North Aftonfurt', 'Brakus Plains', '79143', '225', '2012-05-08 12:52:47', '2004-07-13 05:39:31');
INSERT INTO `addresses` (`id`, `zipcode`, `country`, `region`, `city`, `street`, `house_num`, `flat_num`, `created_at`, `updated_at`) VALUES (188, 63894, 'Uzbekistan', 'Connecticut', 'North Ayana', 'River Mission', '0440', '458', '2005-11-04 11:58:33', '2009-08-13 18:30:10');
INSERT INTO `addresses` (`id`, `zipcode`, `country`, `region`, `city`, `street`, `house_num`, `flat_num`, `created_at`, `updated_at`) VALUES (189, 32688, 'Latvia', 'Arkansas', 'Louiechester', 'Roscoe Valleys', '187', '154', '2019-06-24 15:33:45', '1988-09-16 10:56:42');
INSERT INTO `addresses` (`id`, `zipcode`, `country`, `region`, `city`, `street`, `house_num`, `flat_num`, `created_at`, `updated_at`) VALUES (190, 95827, 'Aruba', 'Vermont', 'Sadiechester', 'Blanda Island', '50660', '315', '1997-09-29 15:35:00', '1986-08-01 06:21:40');
INSERT INTO `addresses` (`id`, `zipcode`, `country`, `region`, `city`, `street`, `house_num`, `flat_num`, `created_at`, `updated_at`) VALUES (191, 84760, 'Cook Islands', 'Maryland', 'Othoton', 'Satterfield Corner', '70477', '383', '1977-07-03 01:08:25', '2005-12-29 04:40:07');
INSERT INTO `addresses` (`id`, `zipcode`, `country`, `region`, `city`, `street`, `house_num`, `flat_num`, `created_at`, `updated_at`) VALUES (192, 67094, 'Vietnam', 'NorthCarolina', 'Genovevaberg', 'Paolo Lakes', '10570', '326', '2006-08-08 17:16:19', '1988-03-24 04:43:34');
INSERT INTO `addresses` (`id`, `zipcode`, `country`, `region`, `city`, `street`, `house_num`, `flat_num`, `created_at`, `updated_at`) VALUES (193, 32301, 'Azerbaijan', 'Alaska', 'West Nickolas', 'Camren Parkway', '63127', '28', '1992-08-29 09:25:12', '1978-10-07 01:32:40');
INSERT INTO `addresses` (`id`, `zipcode`, `country`, `region`, `city`, `street`, `house_num`, `flat_num`, `created_at`, `updated_at`) VALUES (194, 94590, 'Suriname', 'Florida', 'Lake Akeem', 'Marie Summit', '8095', '52', '1975-04-10 10:02:12', '1978-10-18 15:00:23');
INSERT INTO `addresses` (`id`, `zipcode`, `country`, `region`, `city`, `street`, `house_num`, `flat_num`, `created_at`, `updated_at`) VALUES (195, 17077, 'Morocco', 'Michigan', 'East Dwightview', 'Tiara Pike', '61008', '79', '1981-12-22 03:26:57', '1998-05-15 02:10:44');
INSERT INTO `addresses` (`id`, `zipcode`, `country`, `region`, `city`, `street`, `house_num`, `flat_num`, `created_at`, `updated_at`) VALUES (196, 35709, 'Cameroon', 'Maine', 'Port Mazietown', 'Caterina Circle', '91691', '271', '1975-06-30 17:07:57', '1972-05-11 11:56:09');
INSERT INTO `addresses` (`id`, `zipcode`, `country`, `region`, `city`, `street`, `house_num`, `flat_num`, `created_at`, `updated_at`) VALUES (197, 91219, 'Singapore', 'Kansas', 'Alejandrinfort', 'Toy Curve', '0557', '304', '2000-11-03 12:37:49', '2005-02-04 03:22:38');
INSERT INTO `addresses` (`id`, `zipcode`, `country`, `region`, `city`, `street`, `house_num`, `flat_num`, `created_at`, `updated_at`) VALUES (198, 14462, 'British Indian Ocean Territory (Chagos Archipelago)', 'Vermont', 'North Jayneville', 'Connelly Gardens', '961', '483', '1978-12-18 18:25:06', '1995-09-17 18:24:58');
INSERT INTO `addresses` (`id`, `zipcode`, `country`, `region`, `city`, `street`, `house_num`, `flat_num`, `created_at`, `updated_at`) VALUES (199, 41911, 'Ukraine', 'Louisiana', 'South Estelleberg', 'Romaguera Skyway', '8306', '400', '1993-10-18 20:37:13', '2015-07-27 05:37:59');
INSERT INTO `addresses` (`id`, `zipcode`, `country`, `region`, `city`, `street`, `house_num`, `flat_num`, `created_at`, `updated_at`) VALUES (200, 40027, 'Cameroon', 'NorthDakota', 'Gustmouth', 'Will Drives', '40611', '123', '2012-10-14 21:44:15', '1982-03-24 03:43:12');
INSERT INTO `addresses` (`id`, `zipcode`, `country`, `region`, `city`, `street`, `house_num`, `flat_num`, `created_at`, `updated_at`) VALUES (201, 13391, 'Kenya', 'Arkansas', 'Vandervortshire', 'Leola Loaf', '729', '305', '1986-01-31 04:56:04', '2004-05-14 06:23:56');
INSERT INTO `addresses` (`id`, `zipcode`, `country`, `region`, `city`, `street`, `house_num`, `flat_num`, `created_at`, `updated_at`) VALUES (202, 20817, 'Papua New Guinea', 'Montana', 'West Cecil', 'Verna Prairie', '0578', '484', '2020-02-18 09:48:21', '2016-04-16 23:47:08');
INSERT INTO `addresses` (`id`, `zipcode`, `country`, `region`, `city`, `street`, `house_num`, `flat_num`, `created_at`, `updated_at`) VALUES (203, 79761, 'Tajikistan', 'Montana', 'Heidenreichfort', 'Conrad Pike', '039', '24', '1999-11-18 02:15:05', '2018-01-25 05:42:18');


#
# TABLE STRUCTURE FOR: cars_clients
#

DROP TABLE IF EXISTS `cars_clients`;

CREATE TABLE `cars_clients` (
  `id` int(10) unsigned NOT NULL AUTO_INCREMENT,
  `client_id` int(10) unsigned DEFAULT NULL COMMENT 'указатель на клиента',
  `brand_id` int(10) unsigned DEFAULT NULL COMMENT 'указатель за запись в таблице cars_brand',
  `model_id` int(10) unsigned DEFAULT NULL COMMENT 'указатель за запись в таблице cars_model',
  `gos_number` varchar(20) COLLATE utf8_unicode_ci NOT NULL COMMENT 'регистрационный номер',
  `vin_num` varchar(20) COLLATE utf8_unicode_ci NOT NULL COMMENT 'номер VIN по ПТС',
  `year_car` year(4) DEFAULT NULL COMMENT 'год выпуска',
  `created_at` datetime DEFAULT current_timestamp(),
  `updated_at` datetime DEFAULT current_timestamp() ON UPDATE current_timestamp(),
  PRIMARY KEY (`id`)
) ENGINE=InnoDB AUTO_INCREMENT=101 DEFAULT CHARSET=utf8 COLLATE=utf8_unicode_ci;

INSERT INTO `cars_clients` (`id`, `client_id`, `brand_id`, `model_id`, `gos_number`, `vin_num`, `year_car`, `created_at`, `updated_at`) VALUES (1, 1, 3, NULL, 'q 711mu 001', '0yuu5h15bhl6r3or4', '2018', '2017-11-12 06:09:54', '1980-11-21 01:04:06');
INSERT INTO `cars_clients` (`id`, `client_id`, `brand_id`, `model_id`, `gos_number`, `vin_num`, `year_car`, `created_at`, `updated_at`) VALUES (2, 2, 64, NULL, 'c 844vx 748', '6qka5e68zqh3u1jo0', '1975', '1984-03-27 14:18:45', '2011-03-23 18:02:38');
INSERT INTO `cars_clients` (`id`, `client_id`, `brand_id`, `model_id`, `gos_number`, `vin_num`, `year_car`, `created_at`, `updated_at`) VALUES (3, 3, 46, NULL, 'k 979eb 950', '5qfy7b88cqs2w3mr2', '1978', '1991-01-16 17:41:26', '2002-08-22 23:24:21');
INSERT INTO `cars_clients` (`id`, `client_id`, `brand_id`, `model_id`, `gos_number`, `vin_num`, `year_car`, `created_at`, `updated_at`) VALUES (4, 4, 77, NULL, 'j 613dp 569', '2efx2h39ies3g8qe1', '1998', '2010-11-12 07:10:09', '1989-05-09 11:51:44');
INSERT INTO `cars_clients` (`id`, `client_id`, `brand_id`, `model_id`, `gos_number`, `vin_num`, `year_car`, `created_at`, `updated_at`) VALUES (5, 5, 17, NULL, 'a 005uc 425', '5dno4f90xoz9f1wl5', '2002', '1979-04-27 13:58:35', '1994-06-07 21:57:15');
INSERT INTO `cars_clients` (`id`, `client_id`, `brand_id`, `model_id`, `gos_number`, `vin_num`, `year_car`, `created_at`, `updated_at`) VALUES (6, 6, 74, NULL, 'q 876oj 622', '4aet4m39gbl4k6bj3', '2004', '2013-08-26 00:52:56', '2010-07-14 22:21:11');
INSERT INTO `cars_clients` (`id`, `client_id`, `brand_id`, `model_id`, `gos_number`, `vin_num`, `year_car`, `created_at`, `updated_at`) VALUES (7, 7, 3, NULL, 'd 533ip 243', '9rle6n14got2k0hb0', '1976', '1972-05-13 17:25:21', '1971-11-26 13:08:24');
INSERT INTO `cars_clients` (`id`, `client_id`, `brand_id`, `model_id`, `gos_number`, `vin_num`, `year_car`, `created_at`, `updated_at`) VALUES (8, 8, 28, NULL, 'g 306fz 408', '2zpa0k14ppu8t1xx4', '1978', '1987-08-09 01:01:02', '2016-01-09 23:57:57');
INSERT INTO `cars_clients` (`id`, `client_id`, `brand_id`, `model_id`, `gos_number`, `vin_num`, `year_car`, `created_at`, `updated_at`) VALUES (9, 9, 32, NULL, 'b 358qx 832', '4rmi3s80pyq8y5pv8', '1974', '2011-10-18 18:04:32', '2013-02-07 10:40:15');
INSERT INTO `cars_clients` (`id`, `client_id`, `brand_id`, `model_id`, `gos_number`, `vin_num`, `year_car`, `created_at`, `updated_at`) VALUES (10, 10, 46, NULL, 'z 798jn 961', '7tpz1a98cpd9c0pb4', '2014', '2009-07-03 13:08:44', '1986-01-10 18:01:12');
INSERT INTO `cars_clients` (`id`, `client_id`, `brand_id`, `model_id`, `gos_number`, `vin_num`, `year_car`, `created_at`, `updated_at`) VALUES (11, 11, 14, NULL, 's 420yq 171', '3tom6q59fyv9y3of1', '2005', '2009-12-23 22:32:03', '2006-01-17 03:56:09');
INSERT INTO `cars_clients` (`id`, `client_id`, `brand_id`, `model_id`, `gos_number`, `vin_num`, `year_car`, `created_at`, `updated_at`) VALUES (12, 12, 12, NULL, 'q 284om 086', '6jcu6p73xji8a2mt9', '1989', '1976-11-11 09:30:04', '1970-03-12 00:07:26');
INSERT INTO `cars_clients` (`id`, `client_id`, `brand_id`, `model_id`, `gos_number`, `vin_num`, `year_car`, `created_at`, `updated_at`) VALUES (13, 13, 51, NULL, 'l 474gj 904', '5ljk8o87kti3n9wd7', '1978', '2005-06-15 03:39:27', '1970-12-21 19:20:34');
INSERT INTO `cars_clients` (`id`, `client_id`, `brand_id`, `model_id`, `gos_number`, `vin_num`, `year_car`, `created_at`, `updated_at`) VALUES (14, 14, 71, NULL, 'h 120tt 362', '1vwk4r81nfm5r5fp9', '1972', '2002-06-14 23:03:22', '2014-02-22 17:46:43');
INSERT INTO `cars_clients` (`id`, `client_id`, `brand_id`, `model_id`, `gos_number`, `vin_num`, `year_car`, `created_at`, `updated_at`) VALUES (15, 15, 36, NULL, 'x 118bm 018', '8goc9m66ght0s1uv3', '1999', '1998-06-23 23:57:34', '2016-12-19 02:51:16');
INSERT INTO `cars_clients` (`id`, `client_id`, `brand_id`, `model_id`, `gos_number`, `vin_num`, `year_car`, `created_at`, `updated_at`) VALUES (16, 16, 13, NULL, 'u 166mh 753', '3dhk3y83rzo2p2ss0', '1977', '1998-10-20 03:42:59', '1971-05-04 15:11:29');
INSERT INTO `cars_clients` (`id`, `client_id`, `brand_id`, `model_id`, `gos_number`, `vin_num`, `year_car`, `created_at`, `updated_at`) VALUES (17, 17, 29, NULL, 'x 379jl 145', '6uel7z33kwo0i3hk2', '2018', '1981-09-24 10:40:03', '2018-07-06 08:57:55');
INSERT INTO `cars_clients` (`id`, `client_id`, `brand_id`, `model_id`, `gos_number`, `vin_num`, `year_car`, `created_at`, `updated_at`) VALUES (18, 18, 67, NULL, 'c 155ck 354', '5mzn1t21ybq7z5hr4', '1999', '2019-11-02 15:38:18', '2009-11-14 22:31:10');
INSERT INTO `cars_clients` (`id`, `client_id`, `brand_id`, `model_id`, `gos_number`, `vin_num`, `year_car`, `created_at`, `updated_at`) VALUES (19, 19, 7, NULL, 'g 306nd 496', '3arf5u21brn8v5wr2', '2005', '1973-03-07 16:02:29', '1988-04-20 12:47:40');
INSERT INTO `cars_clients` (`id`, `client_id`, `brand_id`, `model_id`, `gos_number`, `vin_num`, `year_car`, `created_at`, `updated_at`) VALUES (20, 20, 69, NULL, 'd 822al 569', '6vug4m72lzf2f1yy8', '2002', '1984-03-27 22:41:40', '1987-10-04 11:16:26');
INSERT INTO `cars_clients` (`id`, `client_id`, `brand_id`, `model_id`, `gos_number`, `vin_num`, `year_car`, `created_at`, `updated_at`) VALUES (21, 21, 41, NULL, 'r 478kc 435', '6dhp7t80uqr5l6vx3', '1979', '2001-07-11 21:32:46', '1992-09-20 23:07:14');
INSERT INTO `cars_clients` (`id`, `client_id`, `brand_id`, `model_id`, `gos_number`, `vin_num`, `year_car`, `created_at`, `updated_at`) VALUES (22, 22, 74, NULL, 't 725nl 448', '5rrs4l17ort8d6ld6', '2019', '2017-05-30 05:33:05', '1971-07-21 14:37:58');
INSERT INTO `cars_clients` (`id`, `client_id`, `brand_id`, `model_id`, `gos_number`, `vin_num`, `year_car`, `created_at`, `updated_at`) VALUES (23, 23, 13, NULL, 'a 656ok 018', '3acq9s59gcw9y8sc5', '1978', '1987-12-14 04:44:28', '2008-01-01 19:46:28');
INSERT INTO `cars_clients` (`id`, `client_id`, `brand_id`, `model_id`, `gos_number`, `vin_num`, `year_car`, `created_at`, `updated_at`) VALUES (24, 24, 61, NULL, 'q 744xh 640', '7pvb7o77npj7k7gs0', '2019', '2008-09-19 21:17:23', '2015-02-05 14:59:24');
INSERT INTO `cars_clients` (`id`, `client_id`, `brand_id`, `model_id`, `gos_number`, `vin_num`, `year_car`, `created_at`, `updated_at`) VALUES (25, 25, 27, NULL, 'v 676fx 680', '0dyx8z36ydt1d2wn7', '2008', '2001-09-23 22:49:02', '1980-11-16 22:43:23');
INSERT INTO `cars_clients` (`id`, `client_id`, `brand_id`, `model_id`, `gos_number`, `vin_num`, `year_car`, `created_at`, `updated_at`) VALUES (26, 26, 81, NULL, 'w 148jo 431', '6dzx4a63lqi8m5yw9', '1987', '2004-07-01 19:36:49', '1975-08-20 20:11:35');
INSERT INTO `cars_clients` (`id`, `client_id`, `brand_id`, `model_id`, `gos_number`, `vin_num`, `year_car`, `created_at`, `updated_at`) VALUES (27, 27, 30, NULL, 'd 777gq 249', '9ukh9y41urk4o8ar0', '1975', '1985-04-23 22:49:57', '2014-10-10 10:13:08');
INSERT INTO `cars_clients` (`id`, `client_id`, `brand_id`, `model_id`, `gos_number`, `vin_num`, `year_car`, `created_at`, `updated_at`) VALUES (28, 28, 38, NULL, 'o 665io 273', '1bjp6u52vgq9s3gj3', '1990', '1975-07-30 05:32:14', '2006-04-21 18:04:23');
INSERT INTO `cars_clients` (`id`, `client_id`, `brand_id`, `model_id`, `gos_number`, `vin_num`, `year_car`, `created_at`, `updated_at`) VALUES (29, 29, 16, NULL, 'o 673ob 156', '0pav4y51pmg8l4kr6', '1983', '1999-12-05 13:32:49', '2019-08-26 11:31:40');
INSERT INTO `cars_clients` (`id`, `client_id`, `brand_id`, `model_id`, `gos_number`, `vin_num`, `year_car`, `created_at`, `updated_at`) VALUES (30, 30, 9, NULL, 'd 635oc 327', '1uou8c71qkk3b5kt9', '1986', '1981-07-29 00:42:22', '1979-03-17 00:11:40');
INSERT INTO `cars_clients` (`id`, `client_id`, `brand_id`, `model_id`, `gos_number`, `vin_num`, `year_car`, `created_at`, `updated_at`) VALUES (31, 31, 47, NULL, 'd 590ef 744', '6ned7b49wzx2u3ay9', '1991', '1984-03-08 18:44:31', '1999-12-07 20:06:03');
INSERT INTO `cars_clients` (`id`, `client_id`, `brand_id`, `model_id`, `gos_number`, `vin_num`, `year_car`, `created_at`, `updated_at`) VALUES (32, 32, 12, NULL, 'y 869pn 219', '9bhd3m67ydv8w9ux5', '1987', '1972-04-21 13:59:55', '1979-04-09 06:37:27');
INSERT INTO `cars_clients` (`id`, `client_id`, `brand_id`, `model_id`, `gos_number`, `vin_num`, `year_car`, `created_at`, `updated_at`) VALUES (33, 33, 31, NULL, 'r 310tw 196', '4gur3x58kpe0r0tv9', '1994', '1976-07-08 18:56:35', '2013-09-08 04:07:31');
INSERT INTO `cars_clients` (`id`, `client_id`, `brand_id`, `model_id`, `gos_number`, `vin_num`, `year_car`, `created_at`, `updated_at`) VALUES (34, 34, 57, NULL, 'f 758ex 821', '4ybc0v34mbf1g2wh2', '2019', '1994-08-05 09:48:18', '2013-03-11 10:38:08');
INSERT INTO `cars_clients` (`id`, `client_id`, `brand_id`, `model_id`, `gos_number`, `vin_num`, `year_car`, `created_at`, `updated_at`) VALUES (35, 35, 67, NULL, 'f 551wi 843', '3bjt7y33zdg0v0bh6', '2008', '2008-06-21 13:32:02', '1974-10-30 00:28:52');
INSERT INTO `cars_clients` (`id`, `client_id`, `brand_id`, `model_id`, `gos_number`, `vin_num`, `year_car`, `created_at`, `updated_at`) VALUES (36, 36, 81, NULL, 'l 476pa 032', '0pqe6r99tgv7o6ts3', '1989', '1970-05-07 16:02:55', '1997-04-22 05:45:54');
INSERT INTO `cars_clients` (`id`, `client_id`, `brand_id`, `model_id`, `gos_number`, `vin_num`, `year_car`, `created_at`, `updated_at`) VALUES (37, 37, 9, NULL, 'j 051tq 667', '4lsr3b54lxp1r1cg6', '1986', '2013-02-05 10:21:51', '2007-01-10 18:06:20');
INSERT INTO `cars_clients` (`id`, `client_id`, `brand_id`, `model_id`, `gos_number`, `vin_num`, `year_car`, `created_at`, `updated_at`) VALUES (38, 38, 74, NULL, 'd 069wp 573', '5bes0s99cuf4u7wp2', '1975', '2017-11-11 09:33:09', '2019-06-29 00:33:40');
INSERT INTO `cars_clients` (`id`, `client_id`, `brand_id`, `model_id`, `gos_number`, `vin_num`, `year_car`, `created_at`, `updated_at`) VALUES (39, 39, 34, NULL, 'q 774dc 859', '3lqr2g29hpp5w2bn4', '1986', '1972-03-16 20:26:34', '1977-09-18 18:44:06');
INSERT INTO `cars_clients` (`id`, `client_id`, `brand_id`, `model_id`, `gos_number`, `vin_num`, `year_car`, `created_at`, `updated_at`) VALUES (40, 40, 74, NULL, 'z 256ep 615', '9udo8q02ziu6a8nc9', '2005', '1989-11-29 14:48:03', '2009-08-31 02:14:28');
INSERT INTO `cars_clients` (`id`, `client_id`, `brand_id`, `model_id`, `gos_number`, `vin_num`, `year_car`, `created_at`, `updated_at`) VALUES (41, 41, 40, NULL, 'a 874lj 123', '3njv3c41kyi0m6mw6', '2011', '2000-08-03 12:31:21', '1978-07-07 00:36:39');
INSERT INTO `cars_clients` (`id`, `client_id`, `brand_id`, `model_id`, `gos_number`, `vin_num`, `year_car`, `created_at`, `updated_at`) VALUES (42, 42, 69, NULL, 'b 902lk 336', '6jnm9m59wme1w2qj2', '2002', '1983-12-07 23:26:26', '1994-01-04 20:08:28');
INSERT INTO `cars_clients` (`id`, `client_id`, `brand_id`, `model_id`, `gos_number`, `vin_num`, `year_car`, `created_at`, `updated_at`) VALUES (43, 43, 62, NULL, 'f 773fs 453', '3ftq8n79yew3a9ia1', '2013', '2011-04-29 19:16:01', '1992-03-10 23:01:16');
INSERT INTO `cars_clients` (`id`, `client_id`, `brand_id`, `model_id`, `gos_number`, `vin_num`, `year_car`, `created_at`, `updated_at`) VALUES (44, 44, 64, NULL, 'o 192fg 890', '7bez4z22ilk3o6av7', '1975', '2001-02-01 18:55:08', '2004-09-13 21:53:07');
INSERT INTO `cars_clients` (`id`, `client_id`, `brand_id`, `model_id`, `gos_number`, `vin_num`, `year_car`, `created_at`, `updated_at`) VALUES (45, 45, 72, NULL, 'r 666qz 331', '5lnc6v57axp9k3ql0', '1991', '2006-09-14 11:35:18', '1983-11-21 14:06:20');
INSERT INTO `cars_clients` (`id`, `client_id`, `brand_id`, `model_id`, `gos_number`, `vin_num`, `year_car`, `created_at`, `updated_at`) VALUES (46, 46, 4, NULL, 'z 987mq 971', '5baq5t17bnq0r8hm2', '1996', '2005-04-21 06:58:50', '2011-10-16 08:57:17');
INSERT INTO `cars_clients` (`id`, `client_id`, `brand_id`, `model_id`, `gos_number`, `vin_num`, `year_car`, `created_at`, `updated_at`) VALUES (47, 47, 52, NULL, 'z 292rj 814', '9gsq4q20nhq2z6cu0', '1983', '1970-01-21 08:04:16', '1988-06-20 16:50:10');
INSERT INTO `cars_clients` (`id`, `client_id`, `brand_id`, `model_id`, `gos_number`, `vin_num`, `year_car`, `created_at`, `updated_at`) VALUES (48, 48, 53, NULL, 'k 587vx 399', '7plr0l18xvr9v4il6', '1994', '2015-06-25 08:48:09', '1973-04-04 08:24:21');
INSERT INTO `cars_clients` (`id`, `client_id`, `brand_id`, `model_id`, `gos_number`, `vin_num`, `year_car`, `created_at`, `updated_at`) VALUES (49, 49, 30, NULL, 'g 713xa 445', '9nuo0g42qka0j6pa9', '2011', '1991-07-31 15:02:45', '2000-11-12 17:14:14');
INSERT INTO `cars_clients` (`id`, `client_id`, `brand_id`, `model_id`, `gos_number`, `vin_num`, `year_car`, `created_at`, `updated_at`) VALUES (50, 50, 82, NULL, 'f 342tw 611', '3sni5r70pej6x5uq9', '2004', '2014-03-09 14:04:12', '2017-02-05 14:01:43');
INSERT INTO `cars_clients` (`id`, `client_id`, `brand_id`, `model_id`, `gos_number`, `vin_num`, `year_car`, `created_at`, `updated_at`) VALUES (51, 51, 59, NULL, 'f 793ch 147', '1jai7m52tre9h1bp3', '2015', '1972-11-04 13:57:16', '1983-06-06 04:54:41');
INSERT INTO `cars_clients` (`id`, `client_id`, `brand_id`, `model_id`, `gos_number`, `vin_num`, `year_car`, `created_at`, `updated_at`) VALUES (52, 52, 60, NULL, 'a 656tv 347', '6zlz5c79snl3z7gx5', '1982', '1987-12-10 08:31:35', '2018-08-30 00:52:45');
INSERT INTO `cars_clients` (`id`, `client_id`, `brand_id`, `model_id`, `gos_number`, `vin_num`, `year_car`, `created_at`, `updated_at`) VALUES (53, 53, 78, NULL, 'p 784no 918', '9dat0j84mbn1y6at9', '1972', '1984-10-26 07:10:55', '1973-11-30 10:03:37');
INSERT INTO `cars_clients` (`id`, `client_id`, `brand_id`, `model_id`, `gos_number`, `vin_num`, `year_car`, `created_at`, `updated_at`) VALUES (54, 54, 47, NULL, 'c 794ik 391', '0tgk9j33myu1o2nf2', '2019', '2004-01-23 18:59:50', '1981-03-09 20:52:31');
INSERT INTO `cars_clients` (`id`, `client_id`, `brand_id`, `model_id`, `gos_number`, `vin_num`, `year_car`, `created_at`, `updated_at`) VALUES (55, 55, 28, NULL, 'f 537zt 619', '9jdu2d76tge5l9ns5', '2015', '2015-11-30 18:44:09', '1977-06-21 07:31:02');
INSERT INTO `cars_clients` (`id`, `client_id`, `brand_id`, `model_id`, `gos_number`, `vin_num`, `year_car`, `created_at`, `updated_at`) VALUES (56, 56, 52, NULL, 'j 802nn 717', '4flx0y06szk8t8mt5', '1987', '2020-02-16 21:41:52', '2008-04-07 11:04:09');
INSERT INTO `cars_clients` (`id`, `client_id`, `brand_id`, `model_id`, `gos_number`, `vin_num`, `year_car`, `created_at`, `updated_at`) VALUES (57, 57, 41, NULL, 'l 833is 108', '5sij7k19blr0p6do6', '2008', '1996-03-24 02:21:38', '2009-05-09 12:16:08');
INSERT INTO `cars_clients` (`id`, `client_id`, `brand_id`, `model_id`, `gos_number`, `vin_num`, `year_car`, `created_at`, `updated_at`) VALUES (58, 58, 19, NULL, 'g 094fd 665', '4adz7b70eko2b4gg4', '1974', '1986-04-24 18:20:56', '1991-11-25 17:45:42');
INSERT INTO `cars_clients` (`id`, `client_id`, `brand_id`, `model_id`, `gos_number`, `vin_num`, `year_car`, `created_at`, `updated_at`) VALUES (59, 59, 30, NULL, 'f 174xq 238', '6kix7s58iru0k8ve9', '1993', '1980-06-03 06:35:40', '2009-07-25 13:24:40');
INSERT INTO `cars_clients` (`id`, `client_id`, `brand_id`, `model_id`, `gos_number`, `vin_num`, `year_car`, `created_at`, `updated_at`) VALUES (60, 60, 39, NULL, 's 835cs 272', '9qus6p52vps6c7kv6', '2016', '2005-02-09 16:48:01', '1985-07-13 20:19:44');
INSERT INTO `cars_clients` (`id`, `client_id`, `brand_id`, `model_id`, `gos_number`, `vin_num`, `year_car`, `created_at`, `updated_at`) VALUES (61, 61, 39, NULL, 'o 568tr 744', '4ync9m47quh2o2jx3', '2012', '1983-07-26 21:14:37', '1980-09-26 17:43:06');
INSERT INTO `cars_clients` (`id`, `client_id`, `brand_id`, `model_id`, `gos_number`, `vin_num`, `year_car`, `created_at`, `updated_at`) VALUES (62, 62, 66, NULL, 'e 234ix 327', '3gjk8c52bav7w0nw2', '2011', '1990-04-03 23:56:51', '1982-08-28 08:42:19');
INSERT INTO `cars_clients` (`id`, `client_id`, `brand_id`, `model_id`, `gos_number`, `vin_num`, `year_car`, `created_at`, `updated_at`) VALUES (63, 63, 82, NULL, 'h 871uv 840', '2mle4p90trp3f6xo3', '1974', '1973-08-06 20:10:47', '2011-08-21 03:51:23');
INSERT INTO `cars_clients` (`id`, `client_id`, `brand_id`, `model_id`, `gos_number`, `vin_num`, `year_car`, `created_at`, `updated_at`) VALUES (64, 64, 33, NULL, 'c 201nc 649', '2zgm8b17twm5j1yn7', '1975', '1993-08-16 13:31:04', '1976-10-15 04:34:41');
INSERT INTO `cars_clients` (`id`, `client_id`, `brand_id`, `model_id`, `gos_number`, `vin_num`, `year_car`, `created_at`, `updated_at`) VALUES (65, 65, 49, NULL, 'z 773ox 398', '6mwr2v56jib4r9pu1', '1996', '2006-04-15 11:59:34', '2020-01-14 07:32:20');
INSERT INTO `cars_clients` (`id`, `client_id`, `brand_id`, `model_id`, `gos_number`, `vin_num`, `year_car`, `created_at`, `updated_at`) VALUES (66, 66, 78, NULL, 'w 809yi 642', '0bmj5x18kfo7z1rd5', '1984', '1972-05-01 16:24:44', '2018-11-12 15:16:55');
INSERT INTO `cars_clients` (`id`, `client_id`, `brand_id`, `model_id`, `gos_number`, `vin_num`, `year_car`, `created_at`, `updated_at`) VALUES (67, 67, 57, NULL, 'w 367no 882', '6xky7g25rus6n4lq4', '2015', '1997-07-29 02:23:07', '2006-06-07 21:12:37');
INSERT INTO `cars_clients` (`id`, `client_id`, `brand_id`, `model_id`, `gos_number`, `vin_num`, `year_car`, `created_at`, `updated_at`) VALUES (68, 68, 27, NULL, 'o 274vx 032', '8opo1u81koq1o8ud5', '1978', '1970-07-03 13:39:49', '1989-12-27 18:19:12');
INSERT INTO `cars_clients` (`id`, `client_id`, `brand_id`, `model_id`, `gos_number`, `vin_num`, `year_car`, `created_at`, `updated_at`) VALUES (69, 69, 61, NULL, 'b 893kq 737', '7gha6c95zzk3v3pb7', '1992', '1973-11-05 22:37:21', '2008-04-22 22:34:46');
INSERT INTO `cars_clients` (`id`, `client_id`, `brand_id`, `model_id`, `gos_number`, `vin_num`, `year_car`, `created_at`, `updated_at`) VALUES (70, 70, 17, NULL, 'x 148km 529', '2jed3b93zuf6b1ov1', '1981', '2012-10-25 05:54:38', '1983-01-14 15:43:19');
INSERT INTO `cars_clients` (`id`, `client_id`, `brand_id`, `model_id`, `gos_number`, `vin_num`, `year_car`, `created_at`, `updated_at`) VALUES (71, 71, 46, NULL, 'b 918nx 340', '9ngn2l45jeq6h7pb2', '2012', '2017-03-23 17:08:45', '1996-01-02 08:01:27');
INSERT INTO `cars_clients` (`id`, `client_id`, `brand_id`, `model_id`, `gos_number`, `vin_num`, `year_car`, `created_at`, `updated_at`) VALUES (72, 72, 67, NULL, 'v 787pt 818', '9njo8y85xzm6f9sa8', '1970', '2010-05-03 11:09:26', '1978-07-10 17:19:30');
INSERT INTO `cars_clients` (`id`, `client_id`, `brand_id`, `model_id`, `gos_number`, `vin_num`, `year_car`, `created_at`, `updated_at`) VALUES (73, 73, 28, NULL, 'q 431yn 241', '2hdj1z20aix3f8ys8', '2012', '2007-10-01 16:15:48', '1983-06-06 03:04:14');
INSERT INTO `cars_clients` (`id`, `client_id`, `brand_id`, `model_id`, `gos_number`, `vin_num`, `year_car`, `created_at`, `updated_at`) VALUES (74, 74, 7, NULL, 'w 987mj 282', '9xzs7a37wpw1r6zi6', '2018', '1974-03-29 22:46:29', '1979-03-12 05:50:48');
INSERT INTO `cars_clients` (`id`, `client_id`, `brand_id`, `model_id`, `gos_number`, `vin_num`, `year_car`, `created_at`, `updated_at`) VALUES (75, 75, 47, NULL, 'r 081em 332', '5mlt1q21kch9a6nc9', '1971', '2007-01-01 21:26:13', '2019-10-21 17:49:07');
INSERT INTO `cars_clients` (`id`, `client_id`, `brand_id`, `model_id`, `gos_number`, `vin_num`, `year_car`, `created_at`, `updated_at`) VALUES (76, 76, 42, NULL, 'g 465hz 222', '4ovn9u79fek4r0op2', '1974', '1995-02-07 17:26:26', '1987-02-25 14:17:46');
INSERT INTO `cars_clients` (`id`, `client_id`, `brand_id`, `model_id`, `gos_number`, `vin_num`, `year_car`, `created_at`, `updated_at`) VALUES (77, 77, 40, NULL, 'c 647jn 258', '7afg9x96gwz0u4rh6', '1972', '1970-01-13 19:48:41', '1998-11-11 22:30:11');
INSERT INTO `cars_clients` (`id`, `client_id`, `brand_id`, `model_id`, `gos_number`, `vin_num`, `year_car`, `created_at`, `updated_at`) VALUES (78, 78, 77, NULL, 'l 025ko 205', '5xuc7e01icn2x0wi4', '1997', '2007-01-16 22:38:49', '2006-11-28 11:16:27');
INSERT INTO `cars_clients` (`id`, `client_id`, `brand_id`, `model_id`, `gos_number`, `vin_num`, `year_car`, `created_at`, `updated_at`) VALUES (79, 79, 33, NULL, 'g 575vk 961', '4fvb0v71vei6f4in4', '2008', '1984-04-28 16:13:29', '1990-07-23 05:09:50');
INSERT INTO `cars_clients` (`id`, `client_id`, `brand_id`, `model_id`, `gos_number`, `vin_num`, `year_car`, `created_at`, `updated_at`) VALUES (80, 80, 15, NULL, 'd 330jv 398', '4bog1l70slu4l4pe8', '2019', '2012-08-23 15:41:12', '2014-11-23 09:00:32');
INSERT INTO `cars_clients` (`id`, `client_id`, `brand_id`, `model_id`, `gos_number`, `vin_num`, `year_car`, `created_at`, `updated_at`) VALUES (81, 81, 44, NULL, 'y 133uc 941', '8yuq4m38mvn7e0av9', '1986', '1999-07-14 22:38:02', '1988-12-10 05:05:10');
INSERT INTO `cars_clients` (`id`, `client_id`, `brand_id`, `model_id`, `gos_number`, `vin_num`, `year_car`, `created_at`, `updated_at`) VALUES (82, 82, 30, NULL, 'g 568ur 554', '4hln9w56bjo7w4rj5', '1988', '1990-10-09 02:36:34', '1978-08-10 23:10:44');
INSERT INTO `cars_clients` (`id`, `client_id`, `brand_id`, `model_id`, `gos_number`, `vin_num`, `year_car`, `created_at`, `updated_at`) VALUES (83, 83, 5, NULL, 'k 861dh 178', '8nhy8u99rhl7p6zu0', '2012', '1983-01-10 02:05:07', '1972-08-10 06:44:26');
INSERT INTO `cars_clients` (`id`, `client_id`, `brand_id`, `model_id`, `gos_number`, `vin_num`, `year_car`, `created_at`, `updated_at`) VALUES (84, 84, 53, NULL, 'u 687ft 180', '5tyu8s62pfh2q5pm3', '2010', '2016-08-23 08:57:57', '2020-01-12 07:31:41');
INSERT INTO `cars_clients` (`id`, `client_id`, `brand_id`, `model_id`, `gos_number`, `vin_num`, `year_car`, `created_at`, `updated_at`) VALUES (85, 85, 60, NULL, 's 033eq 503', '5ucw4z35ijo7m4gh7', '1974', '1983-02-16 11:15:49', '2016-12-13 04:29:21');
INSERT INTO `cars_clients` (`id`, `client_id`, `brand_id`, `model_id`, `gos_number`, `vin_num`, `year_car`, `created_at`, `updated_at`) VALUES (86, 86, 18, NULL, 'd 952pi 790', '0mea3q91asq1b8dn2', '1989', '1972-09-04 08:05:46', '2009-07-26 18:46:36');
INSERT INTO `cars_clients` (`id`, `client_id`, `brand_id`, `model_id`, `gos_number`, `vin_num`, `year_car`, `created_at`, `updated_at`) VALUES (87, 87, 72, NULL, 'b 389pi 191', '2lpt7m17hry4q2sx0', '1995', '1997-10-05 13:12:36', '1981-06-24 15:40:44');
INSERT INTO `cars_clients` (`id`, `client_id`, `brand_id`, `model_id`, `gos_number`, `vin_num`, `year_car`, `created_at`, `updated_at`) VALUES (88, 88, 38, NULL, 'p 854ay 803', '4lel4h72sjl0x7xs0', '1977', '2008-04-01 12:55:36', '1993-09-17 06:17:20');
INSERT INTO `cars_clients` (`id`, `client_id`, `brand_id`, `model_id`, `gos_number`, `vin_num`, `year_car`, `created_at`, `updated_at`) VALUES (89, 89, 18, NULL, 'c 756mi 619', '6isy9e99cyg5m4ws5', '1973', '1991-06-08 14:29:39', '1994-12-22 14:10:13');
INSERT INTO `cars_clients` (`id`, `client_id`, `brand_id`, `model_id`, `gos_number`, `vin_num`, `year_car`, `created_at`, `updated_at`) VALUES (90, 90, 26, NULL, 'y 342ci 478', '4nnl1a87wdj3g4gk9', '1981', '2001-01-03 02:59:47', '1985-04-29 23:28:34');
INSERT INTO `cars_clients` (`id`, `client_id`, `brand_id`, `model_id`, `gos_number`, `vin_num`, `year_car`, `created_at`, `updated_at`) VALUES (91, 91, 12, NULL, 'w 742fw 348', '5fkf2o86dkw0g1qp2', '2016', '1981-03-22 20:38:58', '1997-08-17 09:26:14');
INSERT INTO `cars_clients` (`id`, `client_id`, `brand_id`, `model_id`, `gos_number`, `vin_num`, `year_car`, `created_at`, `updated_at`) VALUES (92, 92, 30, NULL, 'd 986qr 801', '5pjh8y41xox4h6fp6', '2012', '1997-11-10 09:25:48', '2017-11-07 09:34:11');
INSERT INTO `cars_clients` (`id`, `client_id`, `brand_id`, `model_id`, `gos_number`, `vin_num`, `year_car`, `created_at`, `updated_at`) VALUES (93, 93, 52, NULL, 'a 106no 201', '4utz8d94znv9y3ge9', '2003', '1973-12-27 09:23:34', '1992-10-28 04:24:03');
INSERT INTO `cars_clients` (`id`, `client_id`, `brand_id`, `model_id`, `gos_number`, `vin_num`, `year_car`, `created_at`, `updated_at`) VALUES (94, 94, 26, NULL, 'j 194tu 873', '5mbo6q34oyz7u0mu0', '1998', '2004-08-29 19:16:50', '1981-03-04 19:26:45');
INSERT INTO `cars_clients` (`id`, `client_id`, `brand_id`, `model_id`, `gos_number`, `vin_num`, `year_car`, `created_at`, `updated_at`) VALUES (95, 95, 13, NULL, 'b 115qc 703', '2msz5b08moo3p8db7', '1984', '2017-10-22 21:06:36', '1983-04-11 23:20:17');
INSERT INTO `cars_clients` (`id`, `client_id`, `brand_id`, `model_id`, `gos_number`, `vin_num`, `year_car`, `created_at`, `updated_at`) VALUES (96, 96, 23, NULL, 'u 782mj 110', '6bdc2g00kpt6b0aq4', '2018', '2003-03-24 12:26:22', '2012-03-03 08:05:37');
INSERT INTO `cars_clients` (`id`, `client_id`, `brand_id`, `model_id`, `gos_number`, `vin_num`, `year_car`, `created_at`, `updated_at`) VALUES (97, 97, 72, NULL, 'k 005fj 777', '5gus5f95ttg3k0ce6', '2000', '2014-06-11 21:05:05', '2009-01-20 10:24:13');
INSERT INTO `cars_clients` (`id`, `client_id`, `brand_id`, `model_id`, `gos_number`, `vin_num`, `year_car`, `created_at`, `updated_at`) VALUES (98, 98, 66, NULL, 'a 511yr 109', '9bqn5w88lwj5o5ed9', '1997', '1987-12-27 17:40:02', '1984-04-12 17:47:18');
INSERT INTO `cars_clients` (`id`, `client_id`, `brand_id`, `model_id`, `gos_number`, `vin_num`, `year_car`, `created_at`, `updated_at`) VALUES (99, 99, 18, NULL, 'z 122by 494', '5tyj0e21sof2i2jz8', '2003', '1985-05-10 19:37:22', '2010-03-05 12:21:16');
INSERT INTO `cars_clients` (`id`, `client_id`, `brand_id`, `model_id`, `gos_number`, `vin_num`, `year_car`, `created_at`, `updated_at`) VALUES (100, 100, 4, NULL, 'l 627zp 697', '0roc8a86toh9f7po8', '1992', '2003-07-16 14:27:40', '2008-09-25 04:00:01');


#
# TABLE STRUCTURE FOR: clients
#

DROP TABLE IF EXISTS `clients`;

CREATE TABLE `clients` (
  `id` int(10) unsigned NOT NULL AUTO_INCREMENT,
  `first_name` varchar(100) COLLATE utf8_unicode_ci NOT NULL COMMENT 'имя',
  `last_name` varchar(100) COLLATE utf8_unicode_ci NOT NULL COMMENT 'фамилия',
  `email` varchar(200) COLLATE utf8_unicode_ci DEFAULT NULL COMMENT 'адрес электронной почты',
  `phone` varchar(20) COLLATE utf8_unicode_ci DEFAULT NULL COMMENT 'номер телефона',
  `client_status_id` int(10) unsigned DEFAULT NULL COMMENT 'указатель на запись в таблице statuses',
  `cars_id` int(10) unsigned DEFAULT NULL COMMENT 'указатель на запись в таблице cars_clients',
  `address_id` int(10) unsigned DEFAULT NULL COMMENT 'указатель на запись в таблице addresses',
  `created_at` datetime DEFAULT current_timestamp(),
  `updated_at` datetime DEFAULT current_timestamp() ON UPDATE current_timestamp(),
  PRIMARY KEY (`id`)
) ENGINE=InnoDB AUTO_INCREMENT=101 DEFAULT CHARSET=utf8 COLLATE=utf8_unicode_ci;

INSERT INTO `clients` (`id`, `first_name`, `last_name`, `email`, `phone`, `client_status_id`, `cars_id`, `address_id`, `created_at`, `updated_at`) VALUES (1, 'Ima', 'Lang', 'mrogahn@example.net', '098-696-5019x48940', 1, NULL, 22, '1997-01-07 13:23:17', '1971-09-23 04:51:06');
INSERT INTO `clients` (`id`, `first_name`, `last_name`, `email`, `phone`, `client_status_id`, `cars_id`, `address_id`, `created_at`, `updated_at`) VALUES (2, 'Evie', 'Langosh', 'swift.ottilie@example.com', '755.775.2099x3711', 3, NULL, 66, '1985-03-19 16:42:20', '2001-04-29 16:47:38');
INSERT INTO `clients` (`id`, `first_name`, `last_name`, `email`, `phone`, `client_status_id`, `cars_id`, `address_id`, `created_at`, `updated_at`) VALUES (3, 'Bert', 'Franecki', 'mikayla.nader@example.com', '01246898321', 4, NULL, 12, '1970-03-21 22:14:28', '1982-10-25 15:16:14');
INSERT INTO `clients` (`id`, `first_name`, `last_name`, `email`, `phone`, `client_status_id`, `cars_id`, `address_id`, `created_at`, `updated_at`) VALUES (4, 'Brenden', 'Konopelski', 'edwina05@example.com', '1-148-366-1280x906', 4, NULL, 21, '1986-01-09 08:41:00', '1981-01-27 08:55:28');
INSERT INTO `clients` (`id`, `first_name`, `last_name`, `email`, `phone`, `client_status_id`, `cars_id`, `address_id`, `created_at`, `updated_at`) VALUES (5, 'Jessyca', 'Boehm', 'coleman57@example.net', '(564)991-7803x65351', 2, NULL, 8, '2011-10-22 10:16:58', '1988-12-29 10:15:39');
INSERT INTO `clients` (`id`, `first_name`, `last_name`, `email`, `phone`, `client_status_id`, `cars_id`, `address_id`, `created_at`, `updated_at`) VALUES (6, 'Consuelo', 'Miller', 'adela.swift@example.org', '1-227-446-7150', 1, NULL, 13, '2019-09-24 02:33:08', '2002-05-12 00:38:56');
INSERT INTO `clients` (`id`, `first_name`, `last_name`, `email`, `phone`, `client_status_id`, `cars_id`, `address_id`, `created_at`, `updated_at`) VALUES (7, 'Haylie', 'Schuppe', 'osvaldo46@example.net', '1-614-066-3562', 4, NULL, 99, '2016-08-05 22:53:39', '1975-09-07 20:10:02');
INSERT INTO `clients` (`id`, `first_name`, `last_name`, `email`, `phone`, `client_status_id`, `cars_id`, `address_id`, `created_at`, `updated_at`) VALUES (8, 'Tiara', 'Hyatt', 'philip39@example.com', '057.623.8538', 2, NULL, 86, '2004-01-20 21:37:54', '1991-12-27 19:17:39');
INSERT INTO `clients` (`id`, `first_name`, `last_name`, `email`, `phone`, `client_status_id`, `cars_id`, `address_id`, `created_at`, `updated_at`) VALUES (9, 'Carlo', 'Armstrong', 'koepp.sidney@example.com', '(459)659-4652x932', 1, NULL, 58, '1977-06-02 23:07:55', '2001-11-26 00:18:47');
INSERT INTO `clients` (`id`, `first_name`, `last_name`, `email`, `phone`, `client_status_id`, `cars_id`, `address_id`, `created_at`, `updated_at`) VALUES (10, 'Makenna', 'McGlynn', 'plehner@example.org', '+59(6)5813912955', 2, NULL, 83, '1991-10-08 17:31:26', '1978-05-27 09:00:40');
INSERT INTO `clients` (`id`, `first_name`, `last_name`, `email`, `phone`, `client_status_id`, `cars_id`, `address_id`, `created_at`, `updated_at`) VALUES (11, 'Kendall', 'Farrell', 'parisian.roy@example.com', '946.099.3036', 3, NULL, 65, '1982-06-26 17:28:32', '2008-04-10 14:32:14');
INSERT INTO `clients` (`id`, `first_name`, `last_name`, `email`, `phone`, `client_status_id`, `cars_id`, `address_id`, `created_at`, `updated_at`) VALUES (12, 'Eveline', 'Greenfelder', 'elena62@example.org', '1-890-583-5314x997', 1, NULL, 25, '1973-01-22 12:12:16', '1976-05-20 10:07:26');
INSERT INTO `clients` (`id`, `first_name`, `last_name`, `email`, `phone`, `client_status_id`, `cars_id`, `address_id`, `created_at`, `updated_at`) VALUES (13, 'Jennings', 'Rogahn', 'rau.gino@example.com', '197-320-6200x457', 4, NULL, 91, '2000-05-19 01:27:55', '1980-07-26 18:18:11');
INSERT INTO `clients` (`id`, `first_name`, `last_name`, `email`, `phone`, `client_status_id`, `cars_id`, `address_id`, `created_at`, `updated_at`) VALUES (14, 'Ahmed', 'Bergstrom', 'keshaun.friesen@example.com', '05372380627', 2, NULL, 97, '1982-08-28 15:25:04', '1972-06-30 20:28:07');
INSERT INTO `clients` (`id`, `first_name`, `last_name`, `email`, `phone`, `client_status_id`, `cars_id`, `address_id`, `created_at`, `updated_at`) VALUES (15, 'Billie', 'Bradtke', 'tanya.doyle@example.com', '594.741.1158x8209', 4, NULL, 35, '2002-02-24 06:25:47', '1995-10-15 19:30:36');
INSERT INTO `clients` (`id`, `first_name`, `last_name`, `email`, `phone`, `client_status_id`, `cars_id`, `address_id`, `created_at`, `updated_at`) VALUES (16, 'Dannie', 'Torp', 'gladys.hagenes@example.org', '1-052-800-1281x0676', 2, NULL, 34, '2019-12-13 07:20:30', '1991-12-12 06:57:24');
INSERT INTO `clients` (`id`, `first_name`, `last_name`, `email`, `phone`, `client_status_id`, `cars_id`, `address_id`, `created_at`, `updated_at`) VALUES (17, 'Nelda', 'Lakin', 'raquel66@example.org', '330.784.6452', 2, NULL, 46, '1978-07-12 00:34:49', '1994-01-01 14:53:40');
INSERT INTO `clients` (`id`, `first_name`, `last_name`, `email`, `phone`, `client_status_id`, `cars_id`, `address_id`, `created_at`, `updated_at`) VALUES (18, 'Savannah', 'Schiller', 'lawson.cronin@example.org', '563.615.9108', 3, NULL, 36, '1975-06-15 19:08:38', '1971-08-14 18:38:59');
INSERT INTO `clients` (`id`, `first_name`, `last_name`, `email`, `phone`, `client_status_id`, `cars_id`, `address_id`, `created_at`, `updated_at`) VALUES (19, 'Wayne', 'Rau', 'dadams@example.org', '1-267-730-9144', 1, NULL, 47, '2011-02-23 17:24:40', '1974-11-26 03:58:35');
INSERT INTO `clients` (`id`, `first_name`, `last_name`, `email`, `phone`, `client_status_id`, `cars_id`, `address_id`, `created_at`, `updated_at`) VALUES (20, 'Elta', 'O\'Keefe', 'gschmitt@example.net', '180.670.3263', 4, NULL, 30, '2014-06-01 00:17:03', '1983-09-09 14:28:41');
INSERT INTO `clients` (`id`, `first_name`, `last_name`, `email`, `phone`, `client_status_id`, `cars_id`, `address_id`, `created_at`, `updated_at`) VALUES (21, 'Edna', 'King', 'xreynolds@example.net', '170.869.9754x690', 1, NULL, 11, '1970-11-17 20:14:09', '1986-11-30 20:54:36');
INSERT INTO `clients` (`id`, `first_name`, `last_name`, `email`, `phone`, `client_status_id`, `cars_id`, `address_id`, `created_at`, `updated_at`) VALUES (22, 'Gladyce', 'Emmerich', 'felix.bernhard@example.org', '07946810655', 1, NULL, 75, '1974-06-24 10:59:31', '2017-11-08 17:23:37');
INSERT INTO `clients` (`id`, `first_name`, `last_name`, `email`, `phone`, `client_status_id`, `cars_id`, `address_id`, `created_at`, `updated_at`) VALUES (23, 'Colten', 'Cremin', 'mfisher@example.net', '(324)584-5235', 3, NULL, 5, '2009-10-04 05:25:07', '1974-10-04 05:49:58');
INSERT INTO `clients` (`id`, `first_name`, `last_name`, `email`, `phone`, `client_status_id`, `cars_id`, `address_id`, `created_at`, `updated_at`) VALUES (24, 'Cielo', 'Blanda', 'marks.jermain@example.org', '235.113.6481', 4, NULL, 64, '1972-08-07 04:56:56', '2000-11-25 20:42:36');
INSERT INTO `clients` (`id`, `first_name`, `last_name`, `email`, `phone`, `client_status_id`, `cars_id`, `address_id`, `created_at`, `updated_at`) VALUES (25, 'Tristian', 'O\'Connell', 'aimee70@example.org', '(162)058-7430x7305', 4, NULL, 27, '1988-09-15 07:05:46', '2015-01-22 21:28:52');
INSERT INTO `clients` (`id`, `first_name`, `last_name`, `email`, `phone`, `client_status_id`, `cars_id`, `address_id`, `created_at`, `updated_at`) VALUES (26, 'Callie', 'Welch', 'sim.powlowski@example.net', '915.920.5947', 3, NULL, 43, '1972-09-20 05:44:40', '1970-06-04 04:58:27');
INSERT INTO `clients` (`id`, `first_name`, `last_name`, `email`, `phone`, `client_status_id`, `cars_id`, `address_id`, `created_at`, `updated_at`) VALUES (27, 'Therese', 'Hackett', 'itoy@example.org', '(292)840-0184x08921', 3, NULL, 61, '1988-07-23 06:01:47', '1997-05-16 06:04:44');
INSERT INTO `clients` (`id`, `first_name`, `last_name`, `email`, `phone`, `client_status_id`, `cars_id`, `address_id`, `created_at`, `updated_at`) VALUES (28, 'Danyka', 'Gulgowski', 'bstiedemann@example.net', '523.415.7679', 2, NULL, 55, '1975-12-29 05:39:16', '1997-02-27 08:29:29');
INSERT INTO `clients` (`id`, `first_name`, `last_name`, `email`, `phone`, `client_status_id`, `cars_id`, `address_id`, `created_at`, `updated_at`) VALUES (29, 'Georgiana', 'Cole', 'lester64@example.org', '03341062658', 3, NULL, 85, '1997-06-12 13:11:03', '1985-09-29 04:10:12');
INSERT INTO `clients` (`id`, `first_name`, `last_name`, `email`, `phone`, `client_status_id`, `cars_id`, `address_id`, `created_at`, `updated_at`) VALUES (30, 'Lauretta', 'Weimann', 'stacy.hilpert@example.com', '1-680-684-9347x84053', 1, NULL, 90, '2009-08-17 19:08:19', '2013-10-20 10:58:05');
INSERT INTO `clients` (`id`, `first_name`, `last_name`, `email`, `phone`, `client_status_id`, `cars_id`, `address_id`, `created_at`, `updated_at`) VALUES (31, 'Opal', 'Rice', 'wblanda@example.net', '(682)390-3683', 2, NULL, 67, '2005-01-10 15:27:20', '1991-11-17 06:42:58');
INSERT INTO `clients` (`id`, `first_name`, `last_name`, `email`, `phone`, `client_status_id`, `cars_id`, `address_id`, `created_at`, `updated_at`) VALUES (32, 'Madalyn', 'Kunde', 'keebler.joel@example.net', '(286)442-4082x98162', 2, NULL, 6, '2006-03-23 22:23:49', '2009-05-05 08:59:26');
INSERT INTO `clients` (`id`, `first_name`, `last_name`, `email`, `phone`, `client_status_id`, `cars_id`, `address_id`, `created_at`, `updated_at`) VALUES (33, 'Beulah', 'Beier', 'earl.orn@example.net', '364.378.2162x9485', 4, NULL, 74, '1997-09-24 18:30:49', '1983-10-16 17:07:09');
INSERT INTO `clients` (`id`, `first_name`, `last_name`, `email`, `phone`, `client_status_id`, `cars_id`, `address_id`, `created_at`, `updated_at`) VALUES (34, 'Lonzo', 'Hammes', 'elmo12@example.com', '1-916-591-1771x077', 2, NULL, 52, '1974-08-27 00:23:05', '2019-03-23 16:20:38');
INSERT INTO `clients` (`id`, `first_name`, `last_name`, `email`, `phone`, `client_status_id`, `cars_id`, `address_id`, `created_at`, `updated_at`) VALUES (35, 'Gavin', 'Kuphal', 'simeon.hartmann@example.com', '(589)382-8478x93150', 4, NULL, 82, '2012-05-20 13:30:30', '2012-04-07 09:33:00');
INSERT INTO `clients` (`id`, `first_name`, `last_name`, `email`, `phone`, `client_status_id`, `cars_id`, `address_id`, `created_at`, `updated_at`) VALUES (36, 'Ashlynn', 'Williamson', 'dzulauf@example.org', '(615)560-1402x11842', 2, NULL, 37, '1984-02-25 21:05:40', '2009-03-18 12:33:27');
INSERT INTO `clients` (`id`, `first_name`, `last_name`, `email`, `phone`, `client_status_id`, `cars_id`, `address_id`, `created_at`, `updated_at`) VALUES (37, 'Arvilla', 'Schowalter', 'baltenwerth@example.org', '03026692003', 1, NULL, 23, '1980-11-18 06:52:00', '1994-12-12 07:48:07');
INSERT INTO `clients` (`id`, `first_name`, `last_name`, `email`, `phone`, `client_status_id`, `cars_id`, `address_id`, `created_at`, `updated_at`) VALUES (38, 'Angelo', 'O\'Keefe', 'cartwright.myrtle@example.com', '583.184.2455', 3, NULL, 76, '1986-06-05 00:34:38', '2006-02-25 03:10:31');
INSERT INTO `clients` (`id`, `first_name`, `last_name`, `email`, `phone`, `client_status_id`, `cars_id`, `address_id`, `created_at`, `updated_at`) VALUES (39, 'Joyce', 'Johnson', 'weissnat.adrianna@example.com', '704.285.4322', 3, NULL, 54, '1991-05-30 05:20:17', '1986-05-18 20:50:56');
INSERT INTO `clients` (`id`, `first_name`, `last_name`, `email`, `phone`, `client_status_id`, `cars_id`, `address_id`, `created_at`, `updated_at`) VALUES (40, 'Deangelo', 'Fahey', 'bhayes@example.net', '641.097.1012', 2, NULL, 84, '2018-01-29 13:50:36', '2019-02-25 05:44:25');
INSERT INTO `clients` (`id`, `first_name`, `last_name`, `email`, `phone`, `client_status_id`, `cars_id`, `address_id`, `created_at`, `updated_at`) VALUES (41, 'Leda', 'Treutel', 'howe.darien@example.com', '634-708-4929x5732', 2, NULL, 73, '2009-03-18 02:44:04', '1973-04-15 22:25:10');
INSERT INTO `clients` (`id`, `first_name`, `last_name`, `email`, `phone`, `client_status_id`, `cars_id`, `address_id`, `created_at`, `updated_at`) VALUES (42, 'Jake', 'Cole', 'nicholaus.bosco@example.com', '002.347.2494', 3, NULL, 9, '1984-03-01 05:29:32', '2019-12-04 07:01:22');
INSERT INTO `clients` (`id`, `first_name`, `last_name`, `email`, `phone`, `client_status_id`, `cars_id`, `address_id`, `created_at`, `updated_at`) VALUES (43, 'Jensen', 'Schiller', 'ocorwin@example.net', '1-326-631-5917x56314', 4, NULL, 45, '2000-05-06 17:13:06', '2017-09-10 13:11:22');
INSERT INTO `clients` (`id`, `first_name`, `last_name`, `email`, `phone`, `client_status_id`, `cars_id`, `address_id`, `created_at`, `updated_at`) VALUES (44, 'Alessandra', 'Schulist', 'alfreda92@example.org', '1-341-915-8292x878', 3, NULL, 10, '2018-12-28 14:37:08', '1974-12-05 22:25:26');
INSERT INTO `clients` (`id`, `first_name`, `last_name`, `email`, `phone`, `client_status_id`, `cars_id`, `address_id`, `created_at`, `updated_at`) VALUES (45, 'Sonya', 'Hirthe', 'hickle.chaim@example.net', '294-298-8765x87279', 1, NULL, 96, '1984-10-25 01:59:58', '2011-12-06 23:51:40');
INSERT INTO `clients` (`id`, `first_name`, `last_name`, `email`, `phone`, `client_status_id`, `cars_id`, `address_id`, `created_at`, `updated_at`) VALUES (46, 'Ceasar', 'Bartell', 'mireya99@example.com', '(224)714-2977', 2, NULL, 31, '2013-07-01 09:00:25', '2011-05-12 19:50:46');
INSERT INTO `clients` (`id`, `first_name`, `last_name`, `email`, `phone`, `client_status_id`, `cars_id`, `address_id`, `created_at`, `updated_at`) VALUES (47, 'Maxie', 'Lemke', 'jarvis.krajcik@example.com', '737-337-7513x47049', 4, NULL, 42, '2005-08-09 03:14:56', '2014-12-19 16:17:09');
INSERT INTO `clients` (`id`, `first_name`, `last_name`, `email`, `phone`, `client_status_id`, `cars_id`, `address_id`, `created_at`, `updated_at`) VALUES (48, 'Providenci', 'Vandervort', 'hhansen@example.org', '+20(4)5728701369', 2, NULL, 3, '2002-05-18 12:19:28', '2012-08-16 01:07:56');
INSERT INTO `clients` (`id`, `first_name`, `last_name`, `email`, `phone`, `client_status_id`, `cars_id`, `address_id`, `created_at`, `updated_at`) VALUES (49, 'Simeon', 'Reilly', 'oabernathy@example.com', '712.682.3093', 3, NULL, 63, '1993-10-26 03:51:17', '2013-10-31 11:02:51');
INSERT INTO `clients` (`id`, `first_name`, `last_name`, `email`, `phone`, `client_status_id`, `cars_id`, `address_id`, `created_at`, `updated_at`) VALUES (50, 'Kacie', 'Trantow', 'duane.turner@example.net', '170.636.4270', 2, NULL, 1, '1996-03-27 12:40:23', '1987-09-18 10:16:01');
INSERT INTO `clients` (`id`, `first_name`, `last_name`, `email`, `phone`, `client_status_id`, `cars_id`, `address_id`, `created_at`, `updated_at`) VALUES (51, 'Narciso', 'Nikolaus', 'kadin17@example.org', '381-053-6266x695', 4, NULL, 17, '1977-06-30 04:56:26', '2019-05-19 08:49:06');
INSERT INTO `clients` (`id`, `first_name`, `last_name`, `email`, `phone`, `client_status_id`, `cars_id`, `address_id`, `created_at`, `updated_at`) VALUES (52, 'Douglas', 'Hills', 'fschmidt@example.com', '785-761-3599', 2, NULL, 16, '1977-10-09 07:59:52', '1991-11-30 23:52:42');
INSERT INTO `clients` (`id`, `first_name`, `last_name`, `email`, `phone`, `client_status_id`, `cars_id`, `address_id`, `created_at`, `updated_at`) VALUES (53, 'Alene', 'Stanton', 'liliane.bruen@example.com', '02368138585', 1, NULL, 32, '2018-08-26 01:04:30', '2006-04-06 00:16:38');
INSERT INTO `clients` (`id`, `first_name`, `last_name`, `email`, `phone`, `client_status_id`, `cars_id`, `address_id`, `created_at`, `updated_at`) VALUES (54, 'Laura', 'Cummings', 'pearlie.hills@example.net', '1-436-004-8361', 3, NULL, 28, '1989-07-21 00:25:01', '2007-09-17 19:12:01');
INSERT INTO `clients` (`id`, `first_name`, `last_name`, `email`, `phone`, `client_status_id`, `cars_id`, `address_id`, `created_at`, `updated_at`) VALUES (55, 'Fay', 'Stoltenberg', 'kovacek.evangeline@example.org', '816-597-3214x063', 1, NULL, 78, '1979-03-02 23:41:48', '2009-04-11 08:11:55');
INSERT INTO `clients` (`id`, `first_name`, `last_name`, `email`, `phone`, `client_status_id`, `cars_id`, `address_id`, `created_at`, `updated_at`) VALUES (56, 'Adolph', 'Johnston', 'thammes@example.org', '04601069864', 2, NULL, 57, '2016-08-12 11:01:59', '1990-12-27 20:30:16');
INSERT INTO `clients` (`id`, `first_name`, `last_name`, `email`, `phone`, `client_status_id`, `cars_id`, `address_id`, `created_at`, `updated_at`) VALUES (57, 'Rachel', 'Heidenreich', 'kyla71@example.com', '(586)588-5532x06265', 4, NULL, 98, '1978-05-29 22:49:21', '2016-08-31 20:59:05');
INSERT INTO `clients` (`id`, `first_name`, `last_name`, `email`, `phone`, `client_status_id`, `cars_id`, `address_id`, `created_at`, `updated_at`) VALUES (58, 'Gia', 'Hilll', 'pupton@example.net', '(584)926-2672', 4, NULL, 2, '1983-10-15 12:28:13', '2002-01-17 17:50:49');
INSERT INTO `clients` (`id`, `first_name`, `last_name`, `email`, `phone`, `client_status_id`, `cars_id`, `address_id`, `created_at`, `updated_at`) VALUES (59, 'Giovanni', 'Bode', 'justine77@example.com', '1-192-560-4146', 3, NULL, 71, '1999-05-12 07:44:00', '1989-03-08 11:32:11');
INSERT INTO `clients` (`id`, `first_name`, `last_name`, `email`, `phone`, `client_status_id`, `cars_id`, `address_id`, `created_at`, `updated_at`) VALUES (60, 'Orie', 'Hodkiewicz', 'xrath@example.net', '1-021-309-5255', 2, NULL, 53, '1980-02-26 00:05:59', '1980-09-05 11:50:32');
INSERT INTO `clients` (`id`, `first_name`, `last_name`, `email`, `phone`, `client_status_id`, `cars_id`, `address_id`, `created_at`, `updated_at`) VALUES (61, 'Tristin', 'Hammes', 'effertz.estell@example.com', '104.660.5669x47542', 1, NULL, 95, '2016-03-02 04:23:11', '1971-06-28 14:27:29');
INSERT INTO `clients` (`id`, `first_name`, `last_name`, `email`, `phone`, `client_status_id`, `cars_id`, `address_id`, `created_at`, `updated_at`) VALUES (62, 'Boyd', 'Stark', 'kunze.ezekiel@example.net', '1-470-988-3954x050', 2, NULL, 41, '1976-05-25 04:11:48', '1980-07-15 08:20:26');
INSERT INTO `clients` (`id`, `first_name`, `last_name`, `email`, `phone`, `client_status_id`, `cars_id`, `address_id`, `created_at`, `updated_at`) VALUES (63, 'Jasper', 'Renner', 'rosella16@example.net', '939-994-4640', 3, NULL, 62, '1998-09-01 00:15:29', '2011-05-22 08:53:56');
INSERT INTO `clients` (`id`, `first_name`, `last_name`, `email`, `phone`, `client_status_id`, `cars_id`, `address_id`, `created_at`, `updated_at`) VALUES (64, 'Christopher', 'Durgan', 'reichert.duane@example.net', '(414)638-3120x04058', 1, NULL, 89, '2019-05-05 11:07:05', '1987-02-16 03:13:26');
INSERT INTO `clients` (`id`, `first_name`, `last_name`, `email`, `phone`, `client_status_id`, `cars_id`, `address_id`, `created_at`, `updated_at`) VALUES (65, 'Mathias', 'O\'Connell', 'rcummerata@example.com', '1-418-178-6450', 1, NULL, 94, '2006-11-30 18:51:40', '2018-06-03 23:05:40');
INSERT INTO `clients` (`id`, `first_name`, `last_name`, `email`, `phone`, `client_status_id`, `cars_id`, `address_id`, `created_at`, `updated_at`) VALUES (66, 'Cory', 'Aufderhar', 'hudson.fabian@example.net', '(614)601-4575x21530', 2, NULL, 18, '1989-02-18 03:48:10', '2002-10-05 21:18:36');
INSERT INTO `clients` (`id`, `first_name`, `last_name`, `email`, `phone`, `client_status_id`, `cars_id`, `address_id`, `created_at`, `updated_at`) VALUES (67, 'Kathlyn', 'Littel', 'johnpaul23@example.org', '649-838-8404x6817', 2, NULL, 49, '1997-08-08 16:32:05', '1989-01-27 13:07:25');
INSERT INTO `clients` (`id`, `first_name`, `last_name`, `email`, `phone`, `client_status_id`, `cars_id`, `address_id`, `created_at`, `updated_at`) VALUES (68, 'Shaniya', 'Morissette', 'wendell.heathcote@example.org', '(210)960-2956', 3, NULL, 29, '1975-05-02 04:53:43', '1971-03-13 13:51:25');
INSERT INTO `clients` (`id`, `first_name`, `last_name`, `email`, `phone`, `client_status_id`, `cars_id`, `address_id`, `created_at`, `updated_at`) VALUES (69, 'Micaela', 'Bergnaum', 'heathcote.elisa@example.org', '1-441-178-0213', 4, NULL, 60, '2009-09-11 06:22:51', '1970-10-14 02:37:58');
INSERT INTO `clients` (`id`, `first_name`, `last_name`, `email`, `phone`, `client_status_id`, `cars_id`, `address_id`, `created_at`, `updated_at`) VALUES (70, 'Ceasar', 'Hermiston', 'mckenna81@example.com', '(279)553-9046', 3, NULL, 33, '1974-12-25 11:07:47', '2010-08-22 13:20:35');
INSERT INTO `clients` (`id`, `first_name`, `last_name`, `email`, `phone`, `client_status_id`, `cars_id`, `address_id`, `created_at`, `updated_at`) VALUES (71, 'Breanna', 'Ruecker', 'twill@example.net', '859.224.4167x6207', 2, NULL, 88, '1997-12-03 19:52:31', '2017-03-04 23:54:25');
INSERT INTO `clients` (`id`, `first_name`, `last_name`, `email`, `phone`, `client_status_id`, `cars_id`, `address_id`, `created_at`, `updated_at`) VALUES (72, 'Humberto', 'Feest', 'elise.zboncak@example.net', '1-786-058-1597x932', 4, NULL, 38, '1999-05-21 03:13:22', '1977-06-03 01:03:38');
INSERT INTO `clients` (`id`, `first_name`, `last_name`, `email`, `phone`, `client_status_id`, `cars_id`, `address_id`, `created_at`, `updated_at`) VALUES (73, 'Dorcas', 'Kunze', 'alisha39@example.com', '1-680-179-7317', 3, NULL, 26, '1999-01-09 18:43:41', '1970-03-06 07:34:39');
INSERT INTO `clients` (`id`, `first_name`, `last_name`, `email`, `phone`, `client_status_id`, `cars_id`, `address_id`, `created_at`, `updated_at`) VALUES (74, 'Eileen', 'Johns', 'marianne.pouros@example.net', '050-482-3128x617', 4, NULL, 72, '1980-12-13 02:46:57', '2016-06-07 10:21:32');
INSERT INTO `clients` (`id`, `first_name`, `last_name`, `email`, `phone`, `client_status_id`, `cars_id`, `address_id`, `created_at`, `updated_at`) VALUES (75, 'Cyrus', 'Keeling', 'kiley.wilkinson@example.org', '462-733-8562', 4, NULL, 79, '2013-10-30 07:27:13', '1970-06-02 13:00:43');
INSERT INTO `clients` (`id`, `first_name`, `last_name`, `email`, `phone`, `client_status_id`, `cars_id`, `address_id`, `created_at`, `updated_at`) VALUES (76, 'Barton', 'Lemke', 'jacobs.stephany@example.net', '(388)018-9958x1863', 3, NULL, 20, '1993-11-21 00:25:02', '2010-09-28 02:51:44');
INSERT INTO `clients` (`id`, `first_name`, `last_name`, `email`, `phone`, `client_status_id`, `cars_id`, `address_id`, `created_at`, `updated_at`) VALUES (77, 'Eulalia', 'Johnston', 'eric09@example.org', '725.110.6055x23757', 4, NULL, 92, '1997-01-19 07:22:57', '1989-12-28 21:24:03');
INSERT INTO `clients` (`id`, `first_name`, `last_name`, `email`, `phone`, `client_status_id`, `cars_id`, `address_id`, `created_at`, `updated_at`) VALUES (78, 'Imani', 'Olson', 'margarette40@example.com', '615-736-3056x957', 4, NULL, 7, '1983-04-13 19:15:16', '2015-02-13 02:09:49');
INSERT INTO `clients` (`id`, `first_name`, `last_name`, `email`, `phone`, `client_status_id`, `cars_id`, `address_id`, `created_at`, `updated_at`) VALUES (79, 'Libbie', 'Muller', 'robyn90@example.net', '(475)335-6738', 4, NULL, 56, '1989-08-11 11:18:35', '2017-11-12 00:15:11');
INSERT INTO `clients` (`id`, `first_name`, `last_name`, `email`, `phone`, `client_status_id`, `cars_id`, `address_id`, `created_at`, `updated_at`) VALUES (80, 'Josie', 'Friesen', 'kunze.olaf@example.net', '322-131-7691x2083', 4, NULL, 87, '1996-04-23 05:31:50', '1980-06-02 00:37:18');
INSERT INTO `clients` (`id`, `first_name`, `last_name`, `email`, `phone`, `client_status_id`, `cars_id`, `address_id`, `created_at`, `updated_at`) VALUES (81, 'Luther', 'Reilly', 'dcollins@example.org', '1-888-242-1013x889', 2, NULL, 69, '1975-06-23 19:17:34', '2009-01-17 22:51:48');
INSERT INTO `clients` (`id`, `first_name`, `last_name`, `email`, `phone`, `client_status_id`, `cars_id`, `address_id`, `created_at`, `updated_at`) VALUES (82, 'Ines', 'Franecki', 'koelpin.claude@example.com', '318.525.2953', 4, NULL, 14, '1973-03-28 12:54:47', '2012-08-24 08:42:59');
INSERT INTO `clients` (`id`, `first_name`, `last_name`, `email`, `phone`, `client_status_id`, `cars_id`, `address_id`, `created_at`, `updated_at`) VALUES (83, 'Santiago', 'Wiza', 'pbecker@example.org', '+39(3)0040080254', 1, NULL, 19, '1975-04-13 03:00:40', '2012-12-02 15:18:37');
INSERT INTO `clients` (`id`, `first_name`, `last_name`, `email`, `phone`, `client_status_id`, `cars_id`, `address_id`, `created_at`, `updated_at`) VALUES (84, 'Floy', 'Anderson', 'macie.nitzsche@example.net', '04114557491', 1, NULL, 59, '2007-10-25 14:21:31', '1989-03-05 23:18:57');
INSERT INTO `clients` (`id`, `first_name`, `last_name`, `email`, `phone`, `client_status_id`, `cars_id`, `address_id`, `created_at`, `updated_at`) VALUES (85, 'Wilson', 'Ernser', 'pamela91@example.net', '(236)257-6066x9413', 3, NULL, 44, '1973-09-09 04:22:41', '1996-03-19 16:59:28');
INSERT INTO `clients` (`id`, `first_name`, `last_name`, `email`, `phone`, `client_status_id`, `cars_id`, `address_id`, `created_at`, `updated_at`) VALUES (86, 'Donavon', 'Pfeffer', 'fbarrows@example.net', '1-504-901-5936x77266', 4, NULL, 50, '1970-04-11 19:31:09', '1981-06-04 11:26:55');
INSERT INTO `clients` (`id`, `first_name`, `last_name`, `email`, `phone`, `client_status_id`, `cars_id`, `address_id`, `created_at`, `updated_at`) VALUES (87, 'Madison', 'Ferry', 'mbahringer@example.net', '+77(2)1657846780', 3, NULL, 4, '1980-02-06 11:55:18', '2014-02-17 15:09:21');
INSERT INTO `clients` (`id`, `first_name`, `last_name`, `email`, `phone`, `client_status_id`, `cars_id`, `address_id`, `created_at`, `updated_at`) VALUES (88, 'Rogers', 'Waelchi', 'euna.block@example.com', '095.780.1121x215', 2, NULL, 70, '1998-11-16 21:19:59', '1987-01-28 03:33:05');
INSERT INTO `clients` (`id`, `first_name`, `last_name`, `email`, `phone`, `client_status_id`, `cars_id`, `address_id`, `created_at`, `updated_at`) VALUES (89, 'Missouri', 'Turner', 'ytoy@example.org', '02298842970', 3, NULL, 40, '2002-06-07 01:50:56', '1996-03-16 19:41:54');
INSERT INTO `clients` (`id`, `first_name`, `last_name`, `email`, `phone`, `client_status_id`, `cars_id`, `address_id`, `created_at`, `updated_at`) VALUES (90, 'Carmela', 'Reichel', 'kathlyn97@example.org', '1-720-920-8695x229', 2, NULL, 80, '2008-07-31 10:54:42', '2008-12-12 22:51:22');
INSERT INTO `clients` (`id`, `first_name`, `last_name`, `email`, `phone`, `client_status_id`, `cars_id`, `address_id`, `created_at`, `updated_at`) VALUES (91, 'Alena', 'Gutmann', 'marjory.thiel@example.net', '1-838-991-9296', 3, NULL, 39, '1984-06-02 10:26:07', '1979-06-04 19:27:50');
INSERT INTO `clients` (`id`, `first_name`, `last_name`, `email`, `phone`, `client_status_id`, `cars_id`, `address_id`, `created_at`, `updated_at`) VALUES (92, 'Nicolas', 'Schmitt', 'luettgen.litzy@example.net', '02538626361', 3, NULL, 81, '2019-06-08 11:07:22', '1985-07-25 18:21:22');
INSERT INTO `clients` (`id`, `first_name`, `last_name`, `email`, `phone`, `client_status_id`, `cars_id`, `address_id`, `created_at`, `updated_at`) VALUES (93, 'Flo', 'Osinski', 'yheaney@example.org', '1-396-557-2317x060', 1, NULL, 93, '1998-08-14 18:41:32', '2009-05-20 02:41:21');
INSERT INTO `clients` (`id`, `first_name`, `last_name`, `email`, `phone`, `client_status_id`, `cars_id`, `address_id`, `created_at`, `updated_at`) VALUES (94, 'Shakira', 'Becker', 'carmen.rempel@example.com', '094.695.9614x9245', 3, NULL, 68, '1993-06-16 23:33:37', '1990-09-03 14:45:13');
INSERT INTO `clients` (`id`, `first_name`, `last_name`, `email`, `phone`, `client_status_id`, `cars_id`, `address_id`, `created_at`, `updated_at`) VALUES (95, 'Sandy', 'Hansen', 'clemmie63@example.net', '(149)993-8770x430', 1, NULL, 15, '2004-10-17 17:04:41', '2018-03-04 11:07:30');
INSERT INTO `clients` (`id`, `first_name`, `last_name`, `email`, `phone`, `client_status_id`, `cars_id`, `address_id`, `created_at`, `updated_at`) VALUES (96, 'Skye', 'Runte', 'kling.daryl@example.com', '528.646.0812x16151', 2, NULL, 77, '1980-04-15 04:56:44', '1970-04-10 08:37:45');
INSERT INTO `clients` (`id`, `first_name`, `last_name`, `email`, `phone`, `client_status_id`, `cars_id`, `address_id`, `created_at`, `updated_at`) VALUES (97, 'Michael', 'Frami', 'cielo.bartell@example.com', '1-903-234-9496x2808', 3, NULL, 48, '2003-07-02 15:53:15', '1988-02-19 18:40:03');
INSERT INTO `clients` (`id`, `first_name`, `last_name`, `email`, `phone`, `client_status_id`, `cars_id`, `address_id`, `created_at`, `updated_at`) VALUES (98, 'Lorenza', 'Skiles', 'zlindgren@example.org', '1-068-403-0122x1846', 1, NULL, 24, '1988-07-13 05:28:24', '2012-02-12 10:02:39');
INSERT INTO `clients` (`id`, `first_name`, `last_name`, `email`, `phone`, `client_status_id`, `cars_id`, `address_id`, `created_at`, `updated_at`) VALUES (99, 'Gladys', 'Yundt', 'abshire.jaycee@example.net', '(820)096-2316', 2, NULL, 100, '2008-11-28 09:43:01', '1971-11-27 16:31:05');
INSERT INTO `clients` (`id`, `first_name`, `last_name`, `email`, `phone`, `client_status_id`, `cars_id`, `address_id`, `created_at`, `updated_at`) VALUES (100, 'Cayla', 'Feest', 'kavon76@example.com', '1-071-369-6879x4518', 3, NULL, 51, '2017-05-17 05:31:33', '1996-11-13 00:39:49');


#
# TABLE STRUCTURE FOR: orders
#

DROP TABLE IF EXISTS `orders`;

CREATE TABLE `orders` (
  `id` int(10) unsigned NOT NULL AUTO_INCREMENT,
  `description` varchar(250) COLLATE utf8_unicode_ci NOT NULL COMMENT 'описание',
  `client_id` int(10) unsigned DEFAULT NULL COMMENT 'указатель на запись в таблице clients',
  `personal_id` int(10) unsigned DEFAULT NULL COMMENT 'указатель на запись в таблице personals',
  `warehouse_id` int(10) unsigned DEFAULT NULL COMMENT 'указатель на запись в таблице warehouse',
  `quantity_parts` int(10) unsigned DEFAULT NULL COMMENT 'уоличество деталей',
  `sum_sum` int(10) unsigned DEFAULT NULL COMMENT 'стоимость апчастей',
  `order_status_id` int(10) unsigned DEFAULT NULL COMMENT 'статус заказа - выволнен/нет и т.д.',
  `order_type_id` int(10) unsigned DEFAULT NULL COMMENT 'тип услуги',
  `work_list_id` int(10) unsigned DEFAULT NULL COMMENT 'вид работ',
  `created_at` datetime DEFAULT current_timestamp(),
  `updated_at` datetime DEFAULT current_timestamp() ON UPDATE current_timestamp(),
  PRIMARY KEY (`id`)
) ENGINE=InnoDB AUTO_INCREMENT=101 DEFAULT CHARSET=utf8 COLLATE=utf8_unicode_ci;

INSERT INTO `orders` (`id`, `description`, `client_id`, `personal_id`, `warehouse_id`, `quantity_parts`, `sum_sum`, `order_status_id`, `order_type_id`, `work_list_id`, `created_at`, `updated_at`) VALUES (1, 'описание работ 723', 1, 6, 6457, 17211, NULL, 2, 2, 108, '1981-10-21 18:45:43', '1972-02-26 23:10:11');
INSERT INTO `orders` (`id`, `description`, `client_id`, `personal_id`, `warehouse_id`, `quantity_parts`, `sum_sum`, `order_status_id`, `order_type_id`, `work_list_id`, `created_at`, `updated_at`) VALUES (2, 'описание работ 171', 2, 4, 6279, 8837, NULL, 1, 1, 78, '1971-02-02 16:25:08', '1989-06-13 05:55:35');
INSERT INTO `orders` (`id`, `description`, `client_id`, `personal_id`, `warehouse_id`, `quantity_parts`, `sum_sum`, `order_status_id`, `order_type_id`, `work_list_id`, `created_at`, `updated_at`) VALUES (3, 'описание работ 626', 3, 8, 8262, 195, NULL, 3, 1, 182, '1975-06-23 08:03:08', '2007-07-05 17:34:54');
INSERT INTO `orders` (`id`, `description`, `client_id`, `personal_id`, `warehouse_id`, `quantity_parts`, `sum_sum`, `order_status_id`, `order_type_id`, `work_list_id`, `created_at`, `updated_at`) VALUES (4, 'описание работ 886', 4, 2, 3713, 173205, NULL, 2, 2, 137, '1990-09-06 14:07:38', '2019-12-09 22:11:35');
INSERT INTO `orders` (`id`, `description`, `client_id`, `personal_id`, `warehouse_id`, `quantity_parts`, `sum_sum`, `order_status_id`, `order_type_id`, `work_list_id`, `created_at`, `updated_at`) VALUES (5, 'описание работ 528', 5, 3, 655, 313315226, NULL, 1, 2, 152, '1985-08-12 10:49:59', '1979-09-02 19:10:28');
INSERT INTO `orders` (`id`, `description`, `client_id`, `personal_id`, `warehouse_id`, `quantity_parts`, `sum_sum`, `order_status_id`, `order_type_id`, `work_list_id`, `created_at`, `updated_at`) VALUES (6, 'описание работ 677', 6, 1, 3944, 52668807, NULL, 1, 1, 150, '2014-02-06 00:45:41', '1995-10-22 02:36:46');
INSERT INTO `orders` (`id`, `description`, `client_id`, `personal_id`, `warehouse_id`, `quantity_parts`, `sum_sum`, `order_status_id`, `order_type_id`, `work_list_id`, `created_at`, `updated_at`) VALUES (7, 'описание работ 453', 7, 10, 5537, 0, NULL, 1, 2, 83, '1990-03-09 08:25:39', '2006-01-10 20:21:04');
INSERT INTO `orders` (`id`, `description`, `client_id`, `personal_id`, `warehouse_id`, `quantity_parts`, `sum_sum`, `order_status_id`, `order_type_id`, `work_list_id`, `created_at`, `updated_at`) VALUES (8, 'описание работ 659', 8, 6, 5991, 79476297, NULL, 2, 2, 21, '1988-11-25 11:44:39', '1985-12-06 21:12:34');
INSERT INTO `orders` (`id`, `description`, `client_id`, `personal_id`, `warehouse_id`, `quantity_parts`, `sum_sum`, `order_status_id`, `order_type_id`, `work_list_id`, `created_at`, `updated_at`) VALUES (9, 'описание работ 648', 9, 7, 7600, 100294, NULL, 1, 1, 91, '1977-08-23 08:03:46', '2009-01-14 06:34:39');
INSERT INTO `orders` (`id`, `description`, `client_id`, `personal_id`, `warehouse_id`, `quantity_parts`, `sum_sum`, `order_status_id`, `order_type_id`, `work_list_id`, `created_at`, `updated_at`) VALUES (10, 'описание работ 640', 10, 2, 2180, 40404, NULL, 2, 1, 101, '1996-08-22 07:22:31', '1982-10-02 08:53:36');
INSERT INTO `orders` (`id`, `description`, `client_id`, `personal_id`, `warehouse_id`, `quantity_parts`, `sum_sum`, `order_status_id`, `order_type_id`, `work_list_id`, `created_at`, `updated_at`) VALUES (11, 'описание работ 432', 11, 5, 69, 50598, NULL, 3, 1, 18, '1976-07-25 06:46:50', '1991-01-06 10:29:53');
INSERT INTO `orders` (`id`, `description`, `client_id`, `personal_id`, `warehouse_id`, `quantity_parts`, `sum_sum`, `order_status_id`, `order_type_id`, `work_list_id`, `created_at`, `updated_at`) VALUES (12, 'описание работ 693', 12, 10, 4394, 104, NULL, 3, 2, 115, '2006-04-20 22:52:13', '1976-11-20 06:35:16');
INSERT INTO `orders` (`id`, `description`, `client_id`, `personal_id`, `warehouse_id`, `quantity_parts`, `sum_sum`, `order_status_id`, `order_type_id`, `work_list_id`, `created_at`, `updated_at`) VALUES (13, 'описание работ 968', 13, 4, 5616, 10, NULL, 1, 1, 124, '2002-11-17 20:45:37', '2010-11-11 04:28:04');
INSERT INTO `orders` (`id`, `description`, `client_id`, `personal_id`, `warehouse_id`, `quantity_parts`, `sum_sum`, `order_status_id`, `order_type_id`, `work_list_id`, `created_at`, `updated_at`) VALUES (14, 'описание работ 618', 14, 6, 7328, 469, NULL, 3, 2, 45, '1990-11-05 08:05:36', '2005-10-07 07:24:32');
INSERT INTO `orders` (`id`, `description`, `client_id`, `personal_id`, `warehouse_id`, `quantity_parts`, `sum_sum`, `order_status_id`, `order_type_id`, `work_list_id`, `created_at`, `updated_at`) VALUES (15, 'описание работ 920', 15, 4, 840, 0, NULL, 3, 2, 89, '2019-02-03 02:50:26', '1989-11-27 19:12:11');
INSERT INTO `orders` (`id`, `description`, `client_id`, `personal_id`, `warehouse_id`, `quantity_parts`, `sum_sum`, `order_status_id`, `order_type_id`, `work_list_id`, `created_at`, `updated_at`) VALUES (16, 'описание работ 247', 16, 5, 1829, 4921, NULL, 2, 2, 11, '2004-06-01 18:03:18', '1970-11-05 12:28:27');
INSERT INTO `orders` (`id`, `description`, `client_id`, `personal_id`, `warehouse_id`, `quantity_parts`, `sum_sum`, `order_status_id`, `order_type_id`, `work_list_id`, `created_at`, `updated_at`) VALUES (17, 'описание работ 587', 17, 4, 6031, 29, NULL, 3, 2, 152, '1995-10-12 15:55:12', '1986-09-02 12:34:35');
INSERT INTO `orders` (`id`, `description`, `client_id`, `personal_id`, `warehouse_id`, `quantity_parts`, `sum_sum`, `order_status_id`, `order_type_id`, `work_list_id`, `created_at`, `updated_at`) VALUES (18, 'описание работ 546', 18, 3, 8261, 5, NULL, 1, 2, 159, '1993-03-19 17:21:22', '2000-08-25 12:21:28');
INSERT INTO `orders` (`id`, `description`, `client_id`, `personal_id`, `warehouse_id`, `quantity_parts`, `sum_sum`, `order_status_id`, `order_type_id`, `work_list_id`, `created_at`, `updated_at`) VALUES (19, 'описание работ 615', 19, 10, 6116, 70344, NULL, 3, 1, 6, '2007-06-12 10:17:29', '2004-03-31 23:31:21');
INSERT INTO `orders` (`id`, `description`, `client_id`, `personal_id`, `warehouse_id`, `quantity_parts`, `sum_sum`, `order_status_id`, `order_type_id`, `work_list_id`, `created_at`, `updated_at`) VALUES (20, 'описание работ 895', 20, 2, 2314, 0, NULL, 2, 2, 151, '1996-01-17 00:36:51', '2010-10-10 07:26:42');
INSERT INTO `orders` (`id`, `description`, `client_id`, `personal_id`, `warehouse_id`, `quantity_parts`, `sum_sum`, `order_status_id`, `order_type_id`, `work_list_id`, `created_at`, `updated_at`) VALUES (21, 'описание работ 553', 21, 6, 4230, 32, NULL, 1, 1, 139, '1986-05-22 10:10:16', '1995-08-27 13:56:06');
INSERT INTO `orders` (`id`, `description`, `client_id`, `personal_id`, `warehouse_id`, `quantity_parts`, `sum_sum`, `order_status_id`, `order_type_id`, `work_list_id`, `created_at`, `updated_at`) VALUES (22, 'описание работ 526', 22, 1, 5303, 20, NULL, 2, 2, 118, '1993-03-02 03:16:02', '2012-05-25 10:36:17');
INSERT INTO `orders` (`id`, `description`, `client_id`, `personal_id`, `warehouse_id`, `quantity_parts`, `sum_sum`, `order_status_id`, `order_type_id`, `work_list_id`, `created_at`, `updated_at`) VALUES (23, 'описание работ 113', 23, 2, 8374, 68800551, NULL, 2, 1, 24, '1986-06-10 08:23:41', '1991-05-15 14:32:00');
INSERT INTO `orders` (`id`, `description`, `client_id`, `personal_id`, `warehouse_id`, `quantity_parts`, `sum_sum`, `order_status_id`, `order_type_id`, `work_list_id`, `created_at`, `updated_at`) VALUES (24, 'описание работ 181', 24, 7, 2650, 344, NULL, 3, 2, 117, '2009-12-25 00:16:42', '2019-01-08 07:14:57');
INSERT INTO `orders` (`id`, `description`, `client_id`, `personal_id`, `warehouse_id`, `quantity_parts`, `sum_sum`, `order_status_id`, `order_type_id`, `work_list_id`, `created_at`, `updated_at`) VALUES (25, 'описание работ 098', 25, 4, 4055, 2, NULL, 1, 2, 2, '2015-03-31 02:56:47', '2004-02-23 12:54:05');
INSERT INTO `orders` (`id`, `description`, `client_id`, `personal_id`, `warehouse_id`, `quantity_parts`, `sum_sum`, `order_status_id`, `order_type_id`, `work_list_id`, `created_at`, `updated_at`) VALUES (26, 'описание работ 022', 26, 8, 6327, 0, NULL, 3, 2, 25, '1972-07-06 16:50:05', '1970-06-11 21:24:56');
INSERT INTO `orders` (`id`, `description`, `client_id`, `personal_id`, `warehouse_id`, `quantity_parts`, `sum_sum`, `order_status_id`, `order_type_id`, `work_list_id`, `created_at`, `updated_at`) VALUES (27, 'описание работ 851', 27, 7, 6345, 297158, NULL, 1, 2, 73, '1995-05-30 04:58:23', '2012-12-20 12:01:12');
INSERT INTO `orders` (`id`, `description`, `client_id`, `personal_id`, `warehouse_id`, `quantity_parts`, `sum_sum`, `order_status_id`, `order_type_id`, `work_list_id`, `created_at`, `updated_at`) VALUES (28, 'описание работ 667', 28, 1, 5302, 46, NULL, 1, 2, 158, '1997-01-13 10:51:11', '2009-07-28 22:47:56');
INSERT INTO `orders` (`id`, `description`, `client_id`, `personal_id`, `warehouse_id`, `quantity_parts`, `sum_sum`, `order_status_id`, `order_type_id`, `work_list_id`, `created_at`, `updated_at`) VALUES (29, 'описание работ 908', 29, 3, 559, 90978, NULL, 1, 2, 120, '1981-01-19 02:45:04', '1978-11-02 18:06:07');
INSERT INTO `orders` (`id`, `description`, `client_id`, `personal_id`, `warehouse_id`, `quantity_parts`, `sum_sum`, `order_status_id`, `order_type_id`, `work_list_id`, `created_at`, `updated_at`) VALUES (30, 'описание работ 993', 30, 4, 8307, 133417066, NULL, 1, 1, 110, '1995-12-05 15:00:22', '1973-01-19 18:28:58');
INSERT INTO `orders` (`id`, `description`, `client_id`, `personal_id`, `warehouse_id`, `quantity_parts`, `sum_sum`, `order_status_id`, `order_type_id`, `work_list_id`, `created_at`, `updated_at`) VALUES (31, 'описание работ 248', 31, 9, 5036, 5, NULL, 2, 1, 185, '2011-01-07 17:42:23', '1988-03-30 02:09:00');
INSERT INTO `orders` (`id`, `description`, `client_id`, `personal_id`, `warehouse_id`, `quantity_parts`, `sum_sum`, `order_status_id`, `order_type_id`, `work_list_id`, `created_at`, `updated_at`) VALUES (32, 'описание работ 579', 32, 8, 5357, 0, NULL, 3, 1, 1, '1986-05-30 04:45:02', '1971-08-06 10:17:21');
INSERT INTO `orders` (`id`, `description`, `client_id`, `personal_id`, `warehouse_id`, `quantity_parts`, `sum_sum`, `order_status_id`, `order_type_id`, `work_list_id`, `created_at`, `updated_at`) VALUES (33, 'описание работ 130', 33, 7, 5606, 0, NULL, 3, 2, 145, '2010-01-04 23:38:51', '1979-10-18 12:46:43');
INSERT INTO `orders` (`id`, `description`, `client_id`, `personal_id`, `warehouse_id`, `quantity_parts`, `sum_sum`, `order_status_id`, `order_type_id`, `work_list_id`, `created_at`, `updated_at`) VALUES (34, 'описание работ 706', 34, 4, 123, 90042904, NULL, 3, 2, 116, '1994-10-26 15:41:36', '2007-09-30 00:12:30');
INSERT INTO `orders` (`id`, `description`, `client_id`, `personal_id`, `warehouse_id`, `quantity_parts`, `sum_sum`, `order_status_id`, `order_type_id`, `work_list_id`, `created_at`, `updated_at`) VALUES (35, 'описание работ 335', 35, 10, 1520, 57956, NULL, 2, 2, 160, '2011-10-25 08:50:02', '2007-03-09 09:18:23');
INSERT INTO `orders` (`id`, `description`, `client_id`, `personal_id`, `warehouse_id`, `quantity_parts`, `sum_sum`, `order_status_id`, `order_type_id`, `work_list_id`, `created_at`, `updated_at`) VALUES (36, 'описание работ 186', 36, 4, 6992, 3791846, NULL, 2, 1, 95, '2002-12-03 22:42:35', '1972-11-04 13:31:13');
INSERT INTO `orders` (`id`, `description`, `client_id`, `personal_id`, `warehouse_id`, `quantity_parts`, `sum_sum`, `order_status_id`, `order_type_id`, `work_list_id`, `created_at`, `updated_at`) VALUES (37, 'описание работ 501', 37, 4, 3968, 2805, NULL, 3, 2, 32, '1999-11-23 13:41:57', '2017-04-02 11:27:36');
INSERT INTO `orders` (`id`, `description`, `client_id`, `personal_id`, `warehouse_id`, `quantity_parts`, `sum_sum`, `order_status_id`, `order_type_id`, `work_list_id`, `created_at`, `updated_at`) VALUES (38, 'описание работ 129', 38, 2, 4375, 179745148, NULL, 3, 2, 89, '1990-02-22 23:20:35', '1992-05-17 08:09:48');
INSERT INTO `orders` (`id`, `description`, `client_id`, `personal_id`, `warehouse_id`, `quantity_parts`, `sum_sum`, `order_status_id`, `order_type_id`, `work_list_id`, `created_at`, `updated_at`) VALUES (39, 'описание работ 461', 39, 10, 5646, 8137056, NULL, 1, 1, 111, '1970-05-27 01:17:36', '1998-09-06 00:56:54');
INSERT INTO `orders` (`id`, `description`, `client_id`, `personal_id`, `warehouse_id`, `quantity_parts`, `sum_sum`, `order_status_id`, `order_type_id`, `work_list_id`, `created_at`, `updated_at`) VALUES (40, 'описание работ 592', 40, 3, 732, 610095197, NULL, 3, 2, 19, '1997-11-30 12:48:13', '1990-02-19 06:58:42');
INSERT INTO `orders` (`id`, `description`, `client_id`, `personal_id`, `warehouse_id`, `quantity_parts`, `sum_sum`, `order_status_id`, `order_type_id`, `work_list_id`, `created_at`, `updated_at`) VALUES (41, 'описание работ 443', 41, 4, 2775, 6594, NULL, 1, 1, 136, '2001-05-24 14:01:28', '1975-02-10 15:51:57');
INSERT INTO `orders` (`id`, `description`, `client_id`, `personal_id`, `warehouse_id`, `quantity_parts`, `sum_sum`, `order_status_id`, `order_type_id`, `work_list_id`, `created_at`, `updated_at`) VALUES (42, 'описание работ 666', 42, 10, 448, 750923, NULL, 3, 1, 102, '2012-11-25 22:42:09', '1990-12-21 12:35:21');
INSERT INTO `orders` (`id`, `description`, `client_id`, `personal_id`, `warehouse_id`, `quantity_parts`, `sum_sum`, `order_status_id`, `order_type_id`, `work_list_id`, `created_at`, `updated_at`) VALUES (43, 'описание работ 101', 43, 7, 632, 15151, NULL, 3, 2, 191, '1979-11-29 00:51:06', '1997-08-09 14:44:59');
INSERT INTO `orders` (`id`, `description`, `client_id`, `personal_id`, `warehouse_id`, `quantity_parts`, `sum_sum`, `order_status_id`, `order_type_id`, `work_list_id`, `created_at`, `updated_at`) VALUES (44, 'описание работ 281', 44, 7, 8448, 4, NULL, 1, 2, 16, '2017-12-29 16:52:58', '1991-05-06 07:56:50');
INSERT INTO `orders` (`id`, `description`, `client_id`, `personal_id`, `warehouse_id`, `quantity_parts`, `sum_sum`, `order_status_id`, `order_type_id`, `work_list_id`, `created_at`, `updated_at`) VALUES (45, 'описание работ 860', 45, 8, 98, 0, NULL, 2, 1, 30, '1991-03-21 00:03:48', '1987-07-30 00:52:55');
INSERT INTO `orders` (`id`, `description`, `client_id`, `personal_id`, `warehouse_id`, `quantity_parts`, `sum_sum`, `order_status_id`, `order_type_id`, `work_list_id`, `created_at`, `updated_at`) VALUES (46, 'описание работ 174', 46, 4, 4938, 4, NULL, 2, 2, 31, '1998-07-12 23:55:33', '2013-09-09 12:40:31');
INSERT INTO `orders` (`id`, `description`, `client_id`, `personal_id`, `warehouse_id`, `quantity_parts`, `sum_sum`, `order_status_id`, `order_type_id`, `work_list_id`, `created_at`, `updated_at`) VALUES (47, 'описание работ 883', 47, 9, 1353, 858118, NULL, 3, 2, 24, '2017-06-09 09:57:01', '2004-05-29 21:01:02');
INSERT INTO `orders` (`id`, `description`, `client_id`, `personal_id`, `warehouse_id`, `quantity_parts`, `sum_sum`, `order_status_id`, `order_type_id`, `work_list_id`, `created_at`, `updated_at`) VALUES (48, 'описание работ 183', 48, 3, 7862, 659047, NULL, 3, 2, 139, '2003-08-07 05:12:14', '1988-06-26 06:34:30');
INSERT INTO `orders` (`id`, `description`, `client_id`, `personal_id`, `warehouse_id`, `quantity_parts`, `sum_sum`, `order_status_id`, `order_type_id`, `work_list_id`, `created_at`, `updated_at`) VALUES (49, 'описание работ 893', 49, 1, 6531, 8, NULL, 3, 2, 143, '1978-05-24 11:37:12', '1998-08-28 22:35:00');
INSERT INTO `orders` (`id`, `description`, `client_id`, `personal_id`, `warehouse_id`, `quantity_parts`, `sum_sum`, `order_status_id`, `order_type_id`, `work_list_id`, `created_at`, `updated_at`) VALUES (50, 'описание работ 540', 50, 6, 3388, 0, NULL, 1, 2, 161, '1992-12-02 08:01:15', '1978-05-09 04:00:04');
INSERT INTO `orders` (`id`, `description`, `client_id`, `personal_id`, `warehouse_id`, `quantity_parts`, `sum_sum`, `order_status_id`, `order_type_id`, `work_list_id`, `created_at`, `updated_at`) VALUES (51, 'описание работ 124', 51, 5, 1437, 0, NULL, 3, 2, 187, '1994-01-07 23:08:45', '2007-08-25 05:04:16');
INSERT INTO `orders` (`id`, `description`, `client_id`, `personal_id`, `warehouse_id`, `quantity_parts`, `sum_sum`, `order_status_id`, `order_type_id`, `work_list_id`, `created_at`, `updated_at`) VALUES (52, 'описание работ 957', 52, 9, 4093, 0, NULL, 2, 2, 14, '1995-08-02 04:13:24', '2017-09-24 11:20:12');
INSERT INTO `orders` (`id`, `description`, `client_id`, `personal_id`, `warehouse_id`, `quantity_parts`, `sum_sum`, `order_status_id`, `order_type_id`, `work_list_id`, `created_at`, `updated_at`) VALUES (53, 'описание работ 589', 53, 10, 5368, 111110, NULL, 2, 1, 148, '1983-07-31 16:44:36', '2019-11-18 21:21:51');
INSERT INTO `orders` (`id`, `description`, `client_id`, `personal_id`, `warehouse_id`, `quantity_parts`, `sum_sum`, `order_status_id`, `order_type_id`, `work_list_id`, `created_at`, `updated_at`) VALUES (54, 'описание работ 519', 54, 10, 6615, 56755125, NULL, 2, 2, 66, '1976-03-10 15:58:09', '1982-10-24 05:02:35');
INSERT INTO `orders` (`id`, `description`, `client_id`, `personal_id`, `warehouse_id`, `quantity_parts`, `sum_sum`, `order_status_id`, `order_type_id`, `work_list_id`, `created_at`, `updated_at`) VALUES (55, 'описание работ 787', 55, 7, 2228, 2, NULL, 1, 2, 77, '2018-10-09 00:18:14', '2011-07-28 21:11:36');
INSERT INTO `orders` (`id`, `description`, `client_id`, `personal_id`, `warehouse_id`, `quantity_parts`, `sum_sum`, `order_status_id`, `order_type_id`, `work_list_id`, `created_at`, `updated_at`) VALUES (56, 'описание работ 066', 56, 1, 2428, 835, NULL, 1, 1, 102, '1995-09-11 10:20:51', '1971-04-19 03:53:29');
INSERT INTO `orders` (`id`, `description`, `client_id`, `personal_id`, `warehouse_id`, `quantity_parts`, `sum_sum`, `order_status_id`, `order_type_id`, `work_list_id`, `created_at`, `updated_at`) VALUES (57, 'описание работ 560', 57, 8, 6097, 102, NULL, 2, 2, 11, '1989-09-30 04:54:44', '2007-12-16 10:58:29');
INSERT INTO `orders` (`id`, `description`, `client_id`, `personal_id`, `warehouse_id`, `quantity_parts`, `sum_sum`, `order_status_id`, `order_type_id`, `work_list_id`, `created_at`, `updated_at`) VALUES (58, 'описание работ 789', 58, 2, 1445, 2532548, NULL, 2, 2, 7, '2019-10-23 04:58:50', '1973-12-29 02:44:05');
INSERT INTO `orders` (`id`, `description`, `client_id`, `personal_id`, `warehouse_id`, `quantity_parts`, `sum_sum`, `order_status_id`, `order_type_id`, `work_list_id`, `created_at`, `updated_at`) VALUES (59, 'описание работ 764', 59, 4, 2005, 0, NULL, 3, 2, 43, '1972-04-05 13:58:14', '1980-09-17 19:56:37');
INSERT INTO `orders` (`id`, `description`, `client_id`, `personal_id`, `warehouse_id`, `quantity_parts`, `sum_sum`, `order_status_id`, `order_type_id`, `work_list_id`, `created_at`, `updated_at`) VALUES (60, 'описание работ 869', 60, 3, 5773, 227, NULL, 1, 1, 188, '2018-10-25 16:51:28', '1982-07-02 07:37:23');
INSERT INTO `orders` (`id`, `description`, `client_id`, `personal_id`, `warehouse_id`, `quantity_parts`, `sum_sum`, `order_status_id`, `order_type_id`, `work_list_id`, `created_at`, `updated_at`) VALUES (61, 'описание работ 964', 61, 10, 5229, 146867169, NULL, 3, 1, 149, '1981-04-08 05:59:02', '1985-04-11 12:18:26');
INSERT INTO `orders` (`id`, `description`, `client_id`, `personal_id`, `warehouse_id`, `quantity_parts`, `sum_sum`, `order_status_id`, `order_type_id`, `work_list_id`, `created_at`, `updated_at`) VALUES (62, 'описание работ 714', 62, 2, 7198, 4, NULL, 2, 2, 23, '2003-09-09 14:37:09', '1993-01-08 07:13:27');
INSERT INTO `orders` (`id`, `description`, `client_id`, `personal_id`, `warehouse_id`, `quantity_parts`, `sum_sum`, `order_status_id`, `order_type_id`, `work_list_id`, `created_at`, `updated_at`) VALUES (63, 'описание работ 504', 63, 2, 6775, 51964707, NULL, 2, 2, 33, '2018-01-06 11:01:05', '1998-03-09 02:27:53');
INSERT INTO `orders` (`id`, `description`, `client_id`, `personal_id`, `warehouse_id`, `quantity_parts`, `sum_sum`, `order_status_id`, `order_type_id`, `work_list_id`, `created_at`, `updated_at`) VALUES (64, 'описание работ 122', 64, 9, 923, 12266301, NULL, 3, 2, 128, '1979-02-01 02:00:57', '2013-05-20 15:00:27');
INSERT INTO `orders` (`id`, `description`, `client_id`, `personal_id`, `warehouse_id`, `quantity_parts`, `sum_sum`, `order_status_id`, `order_type_id`, `work_list_id`, `created_at`, `updated_at`) VALUES (65, 'описание работ 159', 65, 3, 5457, 14, NULL, 3, 2, 137, '1975-08-09 02:04:24', '1988-07-24 23:12:01');
INSERT INTO `orders` (`id`, `description`, `client_id`, `personal_id`, `warehouse_id`, `quantity_parts`, `sum_sum`, `order_status_id`, `order_type_id`, `work_list_id`, `created_at`, `updated_at`) VALUES (66, 'описание работ 609', 66, 3, 791, 365818421, NULL, 3, 2, 93, '2006-05-09 03:32:54', '2016-08-24 10:57:16');
INSERT INTO `orders` (`id`, `description`, `client_id`, `personal_id`, `warehouse_id`, `quantity_parts`, `sum_sum`, `order_status_id`, `order_type_id`, `work_list_id`, `created_at`, `updated_at`) VALUES (67, 'описание работ 989', 67, 4, 1977, 26, NULL, 3, 2, 37, '1970-03-12 04:56:31', '2005-01-28 20:43:41');
INSERT INTO `orders` (`id`, `description`, `client_id`, `personal_id`, `warehouse_id`, `quantity_parts`, `sum_sum`, `order_status_id`, `order_type_id`, `work_list_id`, `created_at`, `updated_at`) VALUES (68, 'описание работ 516', 68, 5, 8436, 55, NULL, 1, 1, 7, '2002-09-27 13:52:31', '1982-03-01 23:14:58');
INSERT INTO `orders` (`id`, `description`, `client_id`, `personal_id`, `warehouse_id`, `quantity_parts`, `sum_sum`, `order_status_id`, `order_type_id`, `work_list_id`, `created_at`, `updated_at`) VALUES (69, 'описание работ 940', 69, 6, 3903, 1463699, NULL, 1, 1, 90, '2009-09-23 12:52:11', '2010-06-05 19:35:30');
INSERT INTO `orders` (`id`, `description`, `client_id`, `personal_id`, `warehouse_id`, `quantity_parts`, `sum_sum`, `order_status_id`, `order_type_id`, `work_list_id`, `created_at`, `updated_at`) VALUES (70, 'описание работ 997', 70, 1, 6847, 17, NULL, 1, 2, 87, '1985-05-17 16:17:38', '1977-01-09 12:03:25');
INSERT INTO `orders` (`id`, `description`, `client_id`, `personal_id`, `warehouse_id`, `quantity_parts`, `sum_sum`, `order_status_id`, `order_type_id`, `work_list_id`, `created_at`, `updated_at`) VALUES (71, 'описание работ 492', 71, 3, 5320, 0, NULL, 2, 1, 109, '2010-11-26 23:28:15', '1990-02-18 03:32:06');
INSERT INTO `orders` (`id`, `description`, `client_id`, `personal_id`, `warehouse_id`, `quantity_parts`, `sum_sum`, `order_status_id`, `order_type_id`, `work_list_id`, `created_at`, `updated_at`) VALUES (72, 'описание работ 221', 72, 2, 1624, 2, NULL, 1, 1, 114, '2006-05-15 21:26:39', '1977-07-01 02:56:47');
INSERT INTO `orders` (`id`, `description`, `client_id`, `personal_id`, `warehouse_id`, `quantity_parts`, `sum_sum`, `order_status_id`, `order_type_id`, `work_list_id`, `created_at`, `updated_at`) VALUES (73, 'описание работ 314', 73, 1, 5816, 2, NULL, 2, 2, 75, '2015-04-04 22:16:59', '1999-12-24 17:39:10');
INSERT INTO `orders` (`id`, `description`, `client_id`, `personal_id`, `warehouse_id`, `quantity_parts`, `sum_sum`, `order_status_id`, `order_type_id`, `work_list_id`, `created_at`, `updated_at`) VALUES (74, 'описание работ 936', 74, 3, 8165, 0, NULL, 3, 2, 87, '2020-01-04 19:21:33', '2014-07-31 03:57:56');
INSERT INTO `orders` (`id`, `description`, `client_id`, `personal_id`, `warehouse_id`, `quantity_parts`, `sum_sum`, `order_status_id`, `order_type_id`, `work_list_id`, `created_at`, `updated_at`) VALUES (75, 'описание работ 431', 75, 2, 3714, 5672964, NULL, 3, 2, 173, '2007-02-07 05:25:40', '1970-05-15 22:21:28');
INSERT INTO `orders` (`id`, `description`, `client_id`, `personal_id`, `warehouse_id`, `quantity_parts`, `sum_sum`, `order_status_id`, `order_type_id`, `work_list_id`, `created_at`, `updated_at`) VALUES (76, 'описание работ 846', 76, 10, 7344, 5814225, NULL, 2, 2, 193, '2020-03-08 15:18:52', '2000-10-31 18:56:41');
INSERT INTO `orders` (`id`, `description`, `client_id`, `personal_id`, `warehouse_id`, `quantity_parts`, `sum_sum`, `order_status_id`, `order_type_id`, `work_list_id`, `created_at`, `updated_at`) VALUES (77, 'описание работ 520', 77, 7, 7199, 2695, NULL, 3, 1, 77, '1972-02-13 20:16:36', '2000-01-04 10:46:55');
INSERT INTO `orders` (`id`, `description`, `client_id`, `personal_id`, `warehouse_id`, `quantity_parts`, `sum_sum`, `order_status_id`, `order_type_id`, `work_list_id`, `created_at`, `updated_at`) VALUES (78, 'описание работ 818', 78, 9, 3044, 14343, NULL, 1, 2, 65, '1993-06-09 07:01:35', '2015-11-22 17:52:09');
INSERT INTO `orders` (`id`, `description`, `client_id`, `personal_id`, `warehouse_id`, `quantity_parts`, `sum_sum`, `order_status_id`, `order_type_id`, `work_list_id`, `created_at`, `updated_at`) VALUES (79, 'описание работ 691', 79, 3, 4630, 206547175, NULL, 2, 2, 83, '2012-03-22 13:37:01', '2002-05-27 03:44:27');
INSERT INTO `orders` (`id`, `description`, `client_id`, `personal_id`, `warehouse_id`, `quantity_parts`, `sum_sum`, `order_status_id`, `order_type_id`, `work_list_id`, `created_at`, `updated_at`) VALUES (80, 'описание работ 726', 80, 4, 5068, 597, NULL, 2, 2, 112, '2011-05-01 07:33:14', '1976-12-30 09:18:25');
INSERT INTO `orders` (`id`, `description`, `client_id`, `personal_id`, `warehouse_id`, `quantity_parts`, `sum_sum`, `order_status_id`, `order_type_id`, `work_list_id`, `created_at`, `updated_at`) VALUES (81, 'описание работ 156', 81, 7, 2206, 166743, NULL, 3, 1, 128, '2020-02-06 14:35:16', '1975-06-26 23:56:58');
INSERT INTO `orders` (`id`, `description`, `client_id`, `personal_id`, `warehouse_id`, `quantity_parts`, `sum_sum`, `order_status_id`, `order_type_id`, `work_list_id`, `created_at`, `updated_at`) VALUES (82, 'описание работ 769', 82, 2, 3071, 16979, NULL, 1, 1, 85, '1972-08-30 13:39:15', '2004-10-05 06:16:54');
INSERT INTO `orders` (`id`, `description`, `client_id`, `personal_id`, `warehouse_id`, `quantity_parts`, `sum_sum`, `order_status_id`, `order_type_id`, `work_list_id`, `created_at`, `updated_at`) VALUES (83, 'описание работ 819', 83, 10, 6008, 663205, NULL, 2, 2, 12, '2013-10-01 22:28:08', '1978-10-29 01:43:32');
INSERT INTO `orders` (`id`, `description`, `client_id`, `personal_id`, `warehouse_id`, `quantity_parts`, `sum_sum`, `order_status_id`, `order_type_id`, `work_list_id`, `created_at`, `updated_at`) VALUES (84, 'описание работ 338', 84, 8, 4236, 7345232, NULL, 3, 2, 44, '2019-04-18 02:41:33', '2010-08-23 22:23:40');
INSERT INTO `orders` (`id`, `description`, `client_id`, `personal_id`, `warehouse_id`, `quantity_parts`, `sum_sum`, `order_status_id`, `order_type_id`, `work_list_id`, `created_at`, `updated_at`) VALUES (85, 'описание работ 406', 85, 7, 3100, 104057, NULL, 3, 2, 8, '1994-04-16 09:41:20', '1971-02-15 15:19:46');
INSERT INTO `orders` (`id`, `description`, `client_id`, `personal_id`, `warehouse_id`, `quantity_parts`, `sum_sum`, `order_status_id`, `order_type_id`, `work_list_id`, `created_at`, `updated_at`) VALUES (86, 'описание работ 586', 86, 4, 6122, 33946, NULL, 1, 2, 170, '2019-09-27 10:08:49', '2019-05-20 07:41:41');
INSERT INTO `orders` (`id`, `description`, `client_id`, `personal_id`, `warehouse_id`, `quantity_parts`, `sum_sum`, `order_status_id`, `order_type_id`, `work_list_id`, `created_at`, `updated_at`) VALUES (87, 'описание работ 536', 87, 1, 8101, 372492, NULL, 2, 2, 194, '1979-01-25 12:07:48', '2019-12-09 01:00:23');
INSERT INTO `orders` (`id`, `description`, `client_id`, `personal_id`, `warehouse_id`, `quantity_parts`, `sum_sum`, `order_status_id`, `order_type_id`, `work_list_id`, `created_at`, `updated_at`) VALUES (88, 'описание работ 331', 88, 8, 6683, 3036, NULL, 1, 2, 37, '2008-06-21 16:33:41', '2002-06-19 17:04:40');
INSERT INTO `orders` (`id`, `description`, `client_id`, `personal_id`, `warehouse_id`, `quantity_parts`, `sum_sum`, `order_status_id`, `order_type_id`, `work_list_id`, `created_at`, `updated_at`) VALUES (89, 'описание работ 212', 89, 1, 2801, 1115, NULL, 1, 1, 14, '2011-09-09 06:02:44', '1970-10-11 23:10:03');
INSERT INTO `orders` (`id`, `description`, `client_id`, `personal_id`, `warehouse_id`, `quantity_parts`, `sum_sum`, `order_status_id`, `order_type_id`, `work_list_id`, `created_at`, `updated_at`) VALUES (90, 'описание работ 721', 90, 7, 1372, 29, NULL, 2, 2, 39, '2012-01-16 13:45:16', '1994-09-26 14:16:23');
INSERT INTO `orders` (`id`, `description`, `client_id`, `personal_id`, `warehouse_id`, `quantity_parts`, `sum_sum`, `order_status_id`, `order_type_id`, `work_list_id`, `created_at`, `updated_at`) VALUES (91, 'описание работ 743', 91, 3, 4709, 57, NULL, 1, 2, 11, '2013-02-23 19:17:56', '1979-05-04 01:21:32');
INSERT INTO `orders` (`id`, `description`, `client_id`, `personal_id`, `warehouse_id`, `quantity_parts`, `sum_sum`, `order_status_id`, `order_type_id`, `work_list_id`, `created_at`, `updated_at`) VALUES (92, 'описание работ 991', 92, 5, 3701, 2328972, NULL, 1, 1, 59, '2001-07-02 10:11:17', '1984-11-20 12:17:34');
INSERT INTO `orders` (`id`, `description`, `client_id`, `personal_id`, `warehouse_id`, `quantity_parts`, `sum_sum`, `order_status_id`, `order_type_id`, `work_list_id`, `created_at`, `updated_at`) VALUES (93, 'описание работ 215', 93, 10, 1238, 276, NULL, 1, 2, 132, '2018-10-25 23:07:29', '2004-10-11 16:36:29');
INSERT INTO `orders` (`id`, `description`, `client_id`, `personal_id`, `warehouse_id`, `quantity_parts`, `sum_sum`, `order_status_id`, `order_type_id`, `work_list_id`, `created_at`, `updated_at`) VALUES (94, 'описание работ 584', 94, 7, 996, 202776433, NULL, 3, 2, 137, '2005-12-07 12:24:33', '1997-06-11 09:10:52');
INSERT INTO `orders` (`id`, `description`, `client_id`, `personal_id`, `warehouse_id`, `quantity_parts`, `sum_sum`, `order_status_id`, `order_type_id`, `work_list_id`, `created_at`, `updated_at`) VALUES (95, 'описание работ 930', 95, 10, 2491, 0, NULL, 2, 1, 73, '1976-03-30 00:23:30', '2001-06-09 02:35:06');
INSERT INTO `orders` (`id`, `description`, `client_id`, `personal_id`, `warehouse_id`, `quantity_parts`, `sum_sum`, `order_status_id`, `order_type_id`, `work_list_id`, `created_at`, `updated_at`) VALUES (96, 'описание работ 127', 96, 1, 7847, 17432, NULL, 3, 1, 137, '2008-02-06 16:52:47', '1970-11-30 17:13:05');
INSERT INTO `orders` (`id`, `description`, `client_id`, `personal_id`, `warehouse_id`, `quantity_parts`, `sum_sum`, `order_status_id`, `order_type_id`, `work_list_id`, `created_at`, `updated_at`) VALUES (97, 'описание работ 054', 97, 5, 3563, 4824, NULL, 1, 2, 49, '1970-03-02 18:06:43', '1975-07-10 16:03:50');
INSERT INTO `orders` (`id`, `description`, `client_id`, `personal_id`, `warehouse_id`, `quantity_parts`, `sum_sum`, `order_status_id`, `order_type_id`, `work_list_id`, `created_at`, `updated_at`) VALUES (98, 'описание работ 557', 98, 6, 5754, 22467621, NULL, 1, 2, 42, '2013-04-18 22:43:35', '2011-05-18 13:36:38');
INSERT INTO `orders` (`id`, `description`, `client_id`, `personal_id`, `warehouse_id`, `quantity_parts`, `sum_sum`, `order_status_id`, `order_type_id`, `work_list_id`, `created_at`, `updated_at`) VALUES (99, 'описание работ 935', 99, 6, 2167, 120313, NULL, 3, 2, 157, '1985-12-04 21:08:10', '1986-05-25 08:12:59');
INSERT INTO `orders` (`id`, `description`, `client_id`, `personal_id`, `warehouse_id`, `quantity_parts`, `sum_sum`, `order_status_id`, `order_type_id`, `work_list_id`, `created_at`, `updated_at`) VALUES (100, 'описание работ 890', 100, 2, 3489, 17731, NULL, 3, 1, 197, '2017-06-20 20:23:48', '1997-03-13 22:33:38');


#
# TABLE STRUCTURE FOR: personals
#

DROP TABLE IF EXISTS `personals`;

CREATE TABLE `personals` (
  `id` int(10) unsigned NOT NULL AUTO_INCREMENT,
  `first_name` varchar(100) COLLATE utf8_unicode_ci DEFAULT NULL COMMENT 'имя',
  `last_name` varchar(100) COLLATE utf8_unicode_ci DEFAULT NULL COMMENT 'фамилия',
  `position` varchar(100) COLLATE utf8_unicode_ci DEFAULT NULL COMMENT 'должность',
  `phone` varchar(20) COLLATE utf8_unicode_ci DEFAULT NULL COMMENT 'номер телефона',
  `email` varchar(200) COLLATE utf8_unicode_ci DEFAULT NULL COMMENT 'адрес электронной почты',
  `address_id` int(10) unsigned DEFAULT NULL COMMENT 'указатель на запись в таблице addresses',
  `created_at` datetime DEFAULT current_timestamp(),
  `updated_at` datetime DEFAULT current_timestamp() ON UPDATE current_timestamp(),
  PRIMARY KEY (`id`)
) ENGINE=InnoDB AUTO_INCREMENT=11 DEFAULT CHARSET=utf8 COLLATE=utf8_unicode_ci;

INSERT INTO `personals` (`id`, `first_name`, `last_name`, `position`, `phone`, `email`, `address_id`, `created_at`, `updated_at`) VALUES (1, 'Nathaniel', 'Koss', ' \"boss\"', '646.886.3976', 'mpadberg@example.org', 107, '2016-03-23 11:22:30', '2017-09-17 08:03:51');
INSERT INTO `personals` (`id`, `first_name`, `last_name`, `position`, `phone`, `email`, `address_id`, `created_at`, `updated_at`) VALUES (2, 'Aliyah', 'Kautzer', '\"worker\"', '515-479-4095x97163', 'lhintz@example.com', 101, '2012-01-24 01:40:38', '2005-04-09 23:59:00');
INSERT INTO `personals` (`id`, `first_name`, `last_name`, `position`, `phone`, `email`, `address_id`, `created_at`, `updated_at`) VALUES (3, 'Maymie', 'Mohr', ' \"boss\"', '649.619.6118x487', 'karli49@example.net', 108, '1993-03-25 03:32:26', '1980-08-07 00:18:57');
INSERT INTO `personals` (`id`, `first_name`, `last_name`, `position`, `phone`, `email`, `address_id`, `created_at`, `updated_at`) VALUES (4, 'Sallie', 'Lockman', ' \"servicemen\"', '(847)827-5215x46771', 'lindgren.ena@example.net', 104, '1982-02-18 20:57:27', '1987-11-29 02:45:56');
INSERT INTO `personals` (`id`, `first_name`, `last_name`, `position`, `phone`, `email`, `address_id`, `created_at`, `updated_at`) VALUES (5, 'Joesph', 'Braun', '\"worker\"', '04480070753', 'okuneva.milford@example.net', 110, '1995-04-08 15:39:13', '2014-05-27 13:13:19');
INSERT INTO `personals` (`id`, `first_name`, `last_name`, `position`, `phone`, `email`, `address_id`, `created_at`, `updated_at`) VALUES (6, 'Alexandra', 'Cartwright', ' \"servicemen\"', '(269)400-1606x72408', 'kub.christ@example.com', 105, '2004-07-07 23:26:28', '2000-01-11 02:11:22');
INSERT INTO `personals` (`id`, `first_name`, `last_name`, `position`, `phone`, `email`, `address_id`, `created_at`, `updated_at`) VALUES (7, 'Elinor', 'Gaylord', ' \"servicemen\"', '(797)471-2541', 'vmohr@example.org', 109, '2009-11-15 06:50:12', '1980-03-28 22:38:55');
INSERT INTO `personals` (`id`, `first_name`, `last_name`, `position`, `phone`, `email`, `address_id`, `created_at`, `updated_at`) VALUES (8, 'Bernadette', 'Hagenes', ' \"servicemen\"', '304.398.4048x302', 'schaefer.lorna@example.net', 103, '1998-07-29 11:41:08', '1970-07-19 00:02:09');
INSERT INTO `personals` (`id`, `first_name`, `last_name`, `position`, `phone`, `email`, `address_id`, `created_at`, `updated_at`) VALUES (9, 'Kyleigh', 'O\'Reilly', ' \"boss\"', '+81(6)7067174183', 'luis66@example.com', 106, '1983-01-23 08:34:21', '1971-08-13 08:09:48');
INSERT INTO `personals` (`id`, `first_name`, `last_name`, `position`, `phone`, `email`, `address_id`, `created_at`, `updated_at`) VALUES (10, 'Winston', 'Schuppe', '\"worker\"', '1-186-436-9291x5300', 'schmidt.dandre@example.net', 102, '1985-06-13 11:32:53', '1987-12-20 19:52:06');


#
# TABLE STRUCTURE FOR: work_list
#

DROP TABLE IF EXISTS `work_list`;

CREATE TABLE `work_list` (
  `id` int(10) unsigned NOT NULL AUTO_INCREMENT,
  `name` text COLLATE utf8_unicode_ci DEFAULT NULL COMMENT 'описание работ',
  `price` int(10) unsigned DEFAULT NULL COMMENT 'цена единичной работы',
  `cat_parts_id` int(10) unsigned DEFAULT NULL COMMENT 'деталь из каталога к которой относится работа',
  `created_at` datetime DEFAULT current_timestamp(),
  `updated_at` datetime DEFAULT current_timestamp() ON UPDATE current_timestamp(),
  PRIMARY KEY (`id`)
) ENGINE=InnoDB AUTO_INCREMENT=201 DEFAULT CHARSET=utf8 COLLATE=utf8_unicode_ci;

INSERT INTO `work_list` (`id`, `name`, `price`, `cat_parts_id`, `created_at`, `updated_at`) VALUES (1, ' \"repair\"', 4157656, 3055, '1970-12-23 01:32:43', '2010-02-16 04:50:39');
INSERT INTO `work_list` (`id`, `name`, `price`, `cat_parts_id`, `created_at`, `updated_at`) VALUES (2, ' \"consultation\"', 1811096, 6086, '1979-07-30 23:48:07', '1990-01-02 02:24:11');
INSERT INTO `work_list` (`id`, `name`, `price`, `cat_parts_id`, `created_at`, `updated_at`) VALUES (3, '\"installation\"', 162226649, 505, '1979-03-25 23:44:08', '1988-08-12 17:54:08');
INSERT INTO `work_list` (`id`, `name`, `price`, `cat_parts_id`, `created_at`, `updated_at`) VALUES (4, ' \"customization\"', 13449816, 2901, '1970-07-04 02:11:20', '1988-12-06 10:39:04');
INSERT INTO `work_list` (`id`, `name`, `price`, `cat_parts_id`, `created_at`, `updated_at`) VALUES (5, ' \"repair\"', 257, 8099, '1974-03-20 10:47:59', '2012-08-31 20:11:11');
INSERT INTO `work_list` (`id`, `name`, `price`, `cat_parts_id`, `created_at`, `updated_at`) VALUES (6, ' \"diagnostics\"', 0, 2946, '1973-04-05 04:14:52', '1988-04-06 16:19:04');
INSERT INTO `work_list` (`id`, `name`, `price`, `cat_parts_id`, `created_at`, `updated_at`) VALUES (7, ' \"replacement\"', 117684885, 5640, '1994-07-23 08:33:18', '1976-05-30 23:55:26');
INSERT INTO `work_list` (`id`, `name`, `price`, `cat_parts_id`, `created_at`, `updated_at`) VALUES (8, ' \"repair\"', 883, 1841, '1982-04-13 15:27:03', '1984-05-11 01:51:38');
INSERT INTO `work_list` (`id`, `name`, `price`, `cat_parts_id`, `created_at`, `updated_at`) VALUES (9, ' \"repair\"', 24, 5321, '2002-05-26 21:19:18', '2005-02-07 09:58:18');
INSERT INTO `work_list` (`id`, `name`, `price`, `cat_parts_id`, `created_at`, `updated_at`) VALUES (10, ' \"replacement\"', 68147, 5149, '1999-09-27 10:48:15', '1979-11-05 07:49:26');
INSERT INTO `work_list` (`id`, `name`, `price`, `cat_parts_id`, `created_at`, `updated_at`) VALUES (11, ' \"replacement\"', 150454, 212, '1989-05-16 22:14:06', '2002-03-06 11:25:35');
INSERT INTO `work_list` (`id`, `name`, `price`, `cat_parts_id`, `created_at`, `updated_at`) VALUES (12, ' \"replacement\"', 6, 5739, '1974-12-03 16:00:08', '2011-08-09 09:27:15');
INSERT INTO `work_list` (`id`, `name`, `price`, `cat_parts_id`, `created_at`, `updated_at`) VALUES (13, '\"installation\"', 3868799, 7744, '1999-04-02 19:25:58', '2018-01-29 00:33:39');
INSERT INTO `work_list` (`id`, `name`, `price`, `cat_parts_id`, `created_at`, `updated_at`) VALUES (14, ' \"customization\"', 0, 7701, '1995-10-16 15:00:21', '1980-09-07 00:40:09');
INSERT INTO `work_list` (`id`, `name`, `price`, `cat_parts_id`, `created_at`, `updated_at`) VALUES (15, ' \"customization\"', 36, 2389, '1988-03-16 23:58:10', '1986-02-02 15:35:20');
INSERT INTO `work_list` (`id`, `name`, `price`, `cat_parts_id`, `created_at`, `updated_at`) VALUES (16, ' \"consultation\"', 1577, 7797, '2013-09-11 12:04:52', '2016-04-17 05:08:21');
INSERT INTO `work_list` (`id`, `name`, `price`, `cat_parts_id`, `created_at`, `updated_at`) VALUES (17, ' \"replacement\"', 2997, 6568, '2018-04-29 16:24:05', '2016-10-23 06:36:11');
INSERT INTO `work_list` (`id`, `name`, `price`, `cat_parts_id`, `created_at`, `updated_at`) VALUES (18, ' \"replacement\"', 6123538, 7967, '2015-07-15 06:05:33', '1984-05-12 13:31:41');
INSERT INTO `work_list` (`id`, `name`, `price`, `cat_parts_id`, `created_at`, `updated_at`) VALUES (19, ' \"diagnostics\"', 6901, 8310, '2007-01-22 11:52:52', '1993-09-11 19:01:24');
INSERT INTO `work_list` (`id`, `name`, `price`, `cat_parts_id`, `created_at`, `updated_at`) VALUES (20, ' \"customization\"', 1375, 3915, '2020-03-17 03:42:33', '2002-03-29 22:58:43');
INSERT INTO `work_list` (`id`, `name`, `price`, `cat_parts_id`, `created_at`, `updated_at`) VALUES (21, ' \"replacement\"', 45, 7940, '1980-09-17 11:13:31', '2015-07-24 19:58:36');
INSERT INTO `work_list` (`id`, `name`, `price`, `cat_parts_id`, `created_at`, `updated_at`) VALUES (22, ' \"consultation\"', 16303715, 2598, '1990-03-14 19:02:32', '1977-11-05 15:28:24');
INSERT INTO `work_list` (`id`, `name`, `price`, `cat_parts_id`, `created_at`, `updated_at`) VALUES (23, ' \"replacement\"', 544343, 3255, '2014-12-05 15:42:17', '1998-07-28 20:59:48');
INSERT INTO `work_list` (`id`, `name`, `price`, `cat_parts_id`, `created_at`, `updated_at`) VALUES (24, ' \"customization\"', 0, 1205, '1988-03-24 01:29:52', '2001-08-03 09:22:11');
INSERT INTO `work_list` (`id`, `name`, `price`, `cat_parts_id`, `created_at`, `updated_at`) VALUES (25, ' \"consultation\"', 1674, 1293, '1991-04-14 01:32:56', '2009-09-08 04:13:01');
INSERT INTO `work_list` (`id`, `name`, `price`, `cat_parts_id`, `created_at`, `updated_at`) VALUES (26, ' \"consultation\"', 4284, 6566, '1988-08-15 22:52:53', '1981-03-03 08:08:05');
INSERT INTO `work_list` (`id`, `name`, `price`, `cat_parts_id`, `created_at`, `updated_at`) VALUES (27, ' \"replacement\"', 41059, 2034, '1986-09-08 22:10:20', '2013-05-01 16:59:46');
INSERT INTO `work_list` (`id`, `name`, `price`, `cat_parts_id`, `created_at`, `updated_at`) VALUES (28, ' \"customization\"', 455, 4014, '1984-06-01 17:24:49', '1995-10-09 23:38:30');
INSERT INTO `work_list` (`id`, `name`, `price`, `cat_parts_id`, `created_at`, `updated_at`) VALUES (29, ' \"replacement\"', 0, 3695, '1989-09-04 16:01:44', '2016-07-04 02:37:15');
INSERT INTO `work_list` (`id`, `name`, `price`, `cat_parts_id`, `created_at`, `updated_at`) VALUES (30, ' \"repair\"', 200305, 2097, '2010-04-26 17:22:24', '1986-11-17 09:02:19');
INSERT INTO `work_list` (`id`, `name`, `price`, `cat_parts_id`, `created_at`, `updated_at`) VALUES (31, ' \"diagnostics\"', 0, 1038, '1981-06-30 22:09:12', '1983-04-26 00:32:02');
INSERT INTO `work_list` (`id`, `name`, `price`, `cat_parts_id`, `created_at`, `updated_at`) VALUES (32, ' \"customization\"', 2945, 2845, '1996-07-25 01:47:02', '2016-10-31 02:51:01');
INSERT INTO `work_list` (`id`, `name`, `price`, `cat_parts_id`, `created_at`, `updated_at`) VALUES (33, ' \"repair\"', 712, 7428, '1997-02-06 15:27:30', '2014-05-30 22:02:21');
INSERT INTO `work_list` (`id`, `name`, `price`, `cat_parts_id`, `created_at`, `updated_at`) VALUES (34, ' \"customization\"', 204274544, 3435, '2019-10-25 00:33:59', '1988-02-17 01:50:11');
INSERT INTO `work_list` (`id`, `name`, `price`, `cat_parts_id`, `created_at`, `updated_at`) VALUES (35, ' \"consultation\"', 3528704, 4089, '2019-09-21 20:25:54', '1985-09-26 18:43:48');
INSERT INTO `work_list` (`id`, `name`, `price`, `cat_parts_id`, `created_at`, `updated_at`) VALUES (36, ' \"customization\"', 5049, 6628, '1973-03-31 16:20:56', '2007-12-28 19:02:28');
INSERT INTO `work_list` (`id`, `name`, `price`, `cat_parts_id`, `created_at`, `updated_at`) VALUES (37, '\"installation\"', 251182494, 5580, '1996-12-09 16:09:28', '2012-07-29 10:51:06');
INSERT INTO `work_list` (`id`, `name`, `price`, `cat_parts_id`, `created_at`, `updated_at`) VALUES (38, ' \"repair\"', 34442817, 7148, '2014-09-25 20:25:55', '1981-05-15 03:13:16');
INSERT INTO `work_list` (`id`, `name`, `price`, `cat_parts_id`, `created_at`, `updated_at`) VALUES (39, ' \"replacement\"', 0, 3698, '1980-04-09 09:40:06', '2012-07-03 04:49:22');
INSERT INTO `work_list` (`id`, `name`, `price`, `cat_parts_id`, `created_at`, `updated_at`) VALUES (40, ' \"replacement\"', 726, 3348, '1994-07-22 22:51:24', '1996-01-17 23:24:02');
INSERT INTO `work_list` (`id`, `name`, `price`, `cat_parts_id`, `created_at`, `updated_at`) VALUES (41, ' \"consultation\"', 43386, 3313, '1998-07-26 13:26:34', '2001-03-28 02:01:33');
INSERT INTO `work_list` (`id`, `name`, `price`, `cat_parts_id`, `created_at`, `updated_at`) VALUES (42, ' \"consultation\"', 546711, 1942, '2002-04-13 07:14:38', '1982-09-25 02:33:26');
INSERT INTO `work_list` (`id`, `name`, `price`, `cat_parts_id`, `created_at`, `updated_at`) VALUES (43, ' \"diagnostics\"', 84048476, 2869, '1971-09-15 13:46:44', '1986-12-10 08:38:37');
INSERT INTO `work_list` (`id`, `name`, `price`, `cat_parts_id`, `created_at`, `updated_at`) VALUES (44, ' \"replacement\"', 112004978, 8083, '1995-09-26 11:02:53', '2002-05-17 05:27:31');
INSERT INTO `work_list` (`id`, `name`, `price`, `cat_parts_id`, `created_at`, `updated_at`) VALUES (45, '\"installation\"', 0, 1258, '1988-04-03 09:06:53', '2014-05-07 12:20:47');
INSERT INTO `work_list` (`id`, `name`, `price`, `cat_parts_id`, `created_at`, `updated_at`) VALUES (46, ' \"consultation\"', 0, 5595, '1995-08-28 04:48:39', '1981-01-23 02:07:22');
INSERT INTO `work_list` (`id`, `name`, `price`, `cat_parts_id`, `created_at`, `updated_at`) VALUES (47, ' \"diagnostics\"', 42, 3988, '1992-05-02 01:49:10', '2007-05-18 04:27:24');
INSERT INTO `work_list` (`id`, `name`, `price`, `cat_parts_id`, `created_at`, `updated_at`) VALUES (48, ' \"consultation\"', 4, 2026, '1992-11-09 16:15:01', '2008-10-26 05:17:29');
INSERT INTO `work_list` (`id`, `name`, `price`, `cat_parts_id`, `created_at`, `updated_at`) VALUES (49, ' \"consultation\"', 21753519, 7465, '1995-09-17 02:00:58', '1999-01-28 15:01:15');
INSERT INTO `work_list` (`id`, `name`, `price`, `cat_parts_id`, `created_at`, `updated_at`) VALUES (50, ' \"consultation\"', 5055, 5446, '1982-01-24 06:17:18', '2001-10-18 09:18:01');
INSERT INTO `work_list` (`id`, `name`, `price`, `cat_parts_id`, `created_at`, `updated_at`) VALUES (51, ' \"repair\"', 63942685, 4031, '2014-10-12 03:02:23', '1983-01-17 06:23:54');
INSERT INTO `work_list` (`id`, `name`, `price`, `cat_parts_id`, `created_at`, `updated_at`) VALUES (52, ' \"customization\"', 235352, 5506, '1989-01-07 01:10:37', '1997-07-13 22:30:50');
INSERT INTO `work_list` (`id`, `name`, `price`, `cat_parts_id`, `created_at`, `updated_at`) VALUES (53, ' \"repair\"', 39428043, 7182, '1991-04-08 02:34:50', '2007-08-25 15:29:48');
INSERT INTO `work_list` (`id`, `name`, `price`, `cat_parts_id`, `created_at`, `updated_at`) VALUES (54, ' \"consultation\"', 18, 2240, '2011-10-10 02:10:44', '1986-10-09 12:35:28');
INSERT INTO `work_list` (`id`, `name`, `price`, `cat_parts_id`, `created_at`, `updated_at`) VALUES (55, ' \"customization\"', 2, 1922, '1970-04-05 22:31:41', '1999-11-02 16:19:29');
INSERT INTO `work_list` (`id`, `name`, `price`, `cat_parts_id`, `created_at`, `updated_at`) VALUES (56, ' \"consultation\"', 27525, 3925, '2007-11-03 17:49:06', '1970-07-05 10:26:53');
INSERT INTO `work_list` (`id`, `name`, `price`, `cat_parts_id`, `created_at`, `updated_at`) VALUES (57, ' \"diagnostics\"', 5288, 100, '1981-02-07 22:41:57', '1985-08-22 21:08:12');
INSERT INTO `work_list` (`id`, `name`, `price`, `cat_parts_id`, `created_at`, `updated_at`) VALUES (58, ' \"replacement\"', 58778, 6751, '2005-12-24 16:35:56', '2008-08-29 22:39:42');
INSERT INTO `work_list` (`id`, `name`, `price`, `cat_parts_id`, `created_at`, `updated_at`) VALUES (59, ' \"consultation\"', 783, 3525, '2017-01-24 07:28:39', '1984-05-17 07:09:42');
INSERT INTO `work_list` (`id`, `name`, `price`, `cat_parts_id`, `created_at`, `updated_at`) VALUES (60, ' \"customization\"', 236, 19, '2007-07-03 19:27:04', '2000-08-27 21:33:22');
INSERT INTO `work_list` (`id`, `name`, `price`, `cat_parts_id`, `created_at`, `updated_at`) VALUES (61, ' \"customization\"', 34984683, 473, '1979-09-08 10:55:13', '1990-04-10 16:05:32');
INSERT INTO `work_list` (`id`, `name`, `price`, `cat_parts_id`, `created_at`, `updated_at`) VALUES (62, ' \"replacement\"', 136, 5594, '1990-05-01 12:50:25', '2011-09-23 17:28:15');
INSERT INTO `work_list` (`id`, `name`, `price`, `cat_parts_id`, `created_at`, `updated_at`) VALUES (63, ' \"repair\"', 1, 2314, '2003-11-06 00:12:44', '1974-05-25 21:38:54');
INSERT INTO `work_list` (`id`, `name`, `price`, `cat_parts_id`, `created_at`, `updated_at`) VALUES (64, ' \"consultation\"', 1084, 5610, '1988-09-16 17:45:08', '1979-05-05 03:24:06');
INSERT INTO `work_list` (`id`, `name`, `price`, `cat_parts_id`, `created_at`, `updated_at`) VALUES (65, ' \"repair\"', 0, 4003, '2002-05-23 21:50:55', '2008-02-07 07:28:53');
INSERT INTO `work_list` (`id`, `name`, `price`, `cat_parts_id`, `created_at`, `updated_at`) VALUES (66, '\"installation\"', 0, 455, '1986-08-20 06:20:08', '2007-07-24 22:35:49');
INSERT INTO `work_list` (`id`, `name`, `price`, `cat_parts_id`, `created_at`, `updated_at`) VALUES (67, ' \"diagnostics\"', 695755505, 4456, '1986-05-22 17:27:17', '1976-08-03 03:04:49');
INSERT INTO `work_list` (`id`, `name`, `price`, `cat_parts_id`, `created_at`, `updated_at`) VALUES (68, ' \"customization\"', 209, 6187, '2014-02-14 06:32:22', '2008-02-04 06:36:11');
INSERT INTO `work_list` (`id`, `name`, `price`, `cat_parts_id`, `created_at`, `updated_at`) VALUES (69, ' \"replacement\"', 8, 3667, '1987-11-03 16:08:21', '2006-04-17 09:13:36');
INSERT INTO `work_list` (`id`, `name`, `price`, `cat_parts_id`, `created_at`, `updated_at`) VALUES (70, ' \"replacement\"', 0, 5563, '2010-10-25 07:04:06', '1987-11-30 07:43:25');
INSERT INTO `work_list` (`id`, `name`, `price`, `cat_parts_id`, `created_at`, `updated_at`) VALUES (71, ' \"customization\"', 39578730, 784, '1985-06-23 14:15:57', '1973-10-02 22:32:07');
INSERT INTO `work_list` (`id`, `name`, `price`, `cat_parts_id`, `created_at`, `updated_at`) VALUES (72, ' \"diagnostics\"', 88569, 1946, '2005-08-02 13:35:41', '1989-05-10 15:52:02');
INSERT INTO `work_list` (`id`, `name`, `price`, `cat_parts_id`, `created_at`, `updated_at`) VALUES (73, ' \"consultation\"', 515879, 8208, '1987-09-04 22:05:36', '2012-11-08 17:28:09');
INSERT INTO `work_list` (`id`, `name`, `price`, `cat_parts_id`, `created_at`, `updated_at`) VALUES (74, ' \"replacement\"', 5, 907, '2006-12-22 21:25:57', '1996-02-01 23:50:42');
INSERT INTO `work_list` (`id`, `name`, `price`, `cat_parts_id`, `created_at`, `updated_at`) VALUES (75, ' \"repair\"', 2368, 4692, '2007-03-03 01:40:36', '1989-09-23 09:32:54');
INSERT INTO `work_list` (`id`, `name`, `price`, `cat_parts_id`, `created_at`, `updated_at`) VALUES (76, ' \"diagnostics\"', 693087, 4744, '2014-01-15 10:47:38', '1978-04-27 15:56:01');
INSERT INTO `work_list` (`id`, `name`, `price`, `cat_parts_id`, `created_at`, `updated_at`) VALUES (77, ' \"diagnostics\"', 8282664, 8218, '2004-11-18 06:36:21', '2004-05-28 03:59:03');
INSERT INTO `work_list` (`id`, `name`, `price`, `cat_parts_id`, `created_at`, `updated_at`) VALUES (78, ' \"consultation\"', 300341660, 2386, '2006-09-11 01:56:36', '1991-06-16 10:21:19');
INSERT INTO `work_list` (`id`, `name`, `price`, `cat_parts_id`, `created_at`, `updated_at`) VALUES (79, ' \"diagnostics\"', 192508397, 984, '2009-01-26 14:10:22', '1986-09-11 21:30:58');
INSERT INTO `work_list` (`id`, `name`, `price`, `cat_parts_id`, `created_at`, `updated_at`) VALUES (80, ' \"replacement\"', 56, 2990, '2018-10-25 07:36:23', '2000-12-10 18:02:28');
INSERT INTO `work_list` (`id`, `name`, `price`, `cat_parts_id`, `created_at`, `updated_at`) VALUES (81, ' \"customization\"', 0, 7630, '2015-03-30 06:06:20', '1995-11-05 23:08:23');
INSERT INTO `work_list` (`id`, `name`, `price`, `cat_parts_id`, `created_at`, `updated_at`) VALUES (82, ' \"diagnostics\"', 3228, 5706, '1990-06-17 15:19:37', '2019-10-22 06:49:21');
INSERT INTO `work_list` (`id`, `name`, `price`, `cat_parts_id`, `created_at`, `updated_at`) VALUES (83, '\"installation\"', 883, 3618, '2000-09-02 01:07:07', '2019-06-27 12:41:52');
INSERT INTO `work_list` (`id`, `name`, `price`, `cat_parts_id`, `created_at`, `updated_at`) VALUES (84, ' \"consultation\"', 459, 3065, '1988-01-16 21:04:32', '2013-02-17 09:26:30');
INSERT INTO `work_list` (`id`, `name`, `price`, `cat_parts_id`, `created_at`, `updated_at`) VALUES (85, ' \"consultation\"', 31871762, 2703, '1987-11-01 16:21:47', '2004-03-08 13:58:45');
INSERT INTO `work_list` (`id`, `name`, `price`, `cat_parts_id`, `created_at`, `updated_at`) VALUES (86, ' \"repair\"', 4047902, 1262, '2009-01-17 21:02:00', '1981-04-09 02:46:57');
INSERT INTO `work_list` (`id`, `name`, `price`, `cat_parts_id`, `created_at`, `updated_at`) VALUES (87, ' \"diagnostics\"', 0, 576, '1984-12-06 07:47:29', '2019-11-07 16:06:15');
INSERT INTO `work_list` (`id`, `name`, `price`, `cat_parts_id`, `created_at`, `updated_at`) VALUES (88, ' \"diagnostics\"', 4038, 5398, '2018-07-16 23:17:39', '1983-07-13 18:48:24');
INSERT INTO `work_list` (`id`, `name`, `price`, `cat_parts_id`, `created_at`, `updated_at`) VALUES (89, ' \"replacement\"', 316, 4099, '2008-11-15 00:42:51', '1977-05-26 21:22:20');
INSERT INTO `work_list` (`id`, `name`, `price`, `cat_parts_id`, `created_at`, `updated_at`) VALUES (90, ' \"repair\"', 1564, 5593, '2011-02-17 15:53:02', '2011-03-14 22:46:24');
INSERT INTO `work_list` (`id`, `name`, `price`, `cat_parts_id`, `created_at`, `updated_at`) VALUES (91, ' \"customization\"', 543880, 7479, '1996-11-10 22:39:57', '2018-08-31 20:35:25');
INSERT INTO `work_list` (`id`, `name`, `price`, `cat_parts_id`, `created_at`, `updated_at`) VALUES (92, ' \"diagnostics\"', 7458, 5195, '2009-02-24 16:20:18', '1980-10-21 12:10:44');
INSERT INTO `work_list` (`id`, `name`, `price`, `cat_parts_id`, `created_at`, `updated_at`) VALUES (93, ' \"diagnostics\"', 0, 8170, '1987-05-17 06:56:06', '1981-07-04 20:44:17');
INSERT INTO `work_list` (`id`, `name`, `price`, `cat_parts_id`, `created_at`, `updated_at`) VALUES (94, ' \"customization\"', 7, 1903, '1975-07-07 18:17:22', '1973-10-08 10:46:16');
INSERT INTO `work_list` (`id`, `name`, `price`, `cat_parts_id`, `created_at`, `updated_at`) VALUES (95, '\"installation\"', 0, 2813, '1972-04-15 07:27:48', '2007-05-22 07:13:03');
INSERT INTO `work_list` (`id`, `name`, `price`, `cat_parts_id`, `created_at`, `updated_at`) VALUES (96, ' \"consultation\"', 2391211, 4428, '1990-05-24 21:33:06', '2001-04-11 02:54:41');
INSERT INTO `work_list` (`id`, `name`, `price`, `cat_parts_id`, `created_at`, `updated_at`) VALUES (97, ' \"consultation\"', 31830, 3072, '2016-03-08 20:25:15', '1990-01-08 01:09:14');
INSERT INTO `work_list` (`id`, `name`, `price`, `cat_parts_id`, `created_at`, `updated_at`) VALUES (98, ' \"replacement\"', 575, 1341, '1984-10-25 07:08:54', '2010-08-30 19:06:51');
INSERT INTO `work_list` (`id`, `name`, `price`, `cat_parts_id`, `created_at`, `updated_at`) VALUES (99, '\"installation\"', 0, 5312, '2002-09-06 16:48:21', '2019-02-07 10:19:01');
INSERT INTO `work_list` (`id`, `name`, `price`, `cat_parts_id`, `created_at`, `updated_at`) VALUES (100, ' \"customization\"', 2144, 2755, '1999-06-30 07:46:25', '2018-02-09 12:44:10');
INSERT INTO `work_list` (`id`, `name`, `price`, `cat_parts_id`, `created_at`, `updated_at`) VALUES (101, ' \"replacement\"', 0, 2499, '1979-08-22 10:32:36', '2009-06-19 16:47:12');
INSERT INTO `work_list` (`id`, `name`, `price`, `cat_parts_id`, `created_at`, `updated_at`) VALUES (102, ' \"customization\"', 202, 6742, '1997-09-07 22:09:27', '2001-05-09 18:32:27');
INSERT INTO `work_list` (`id`, `name`, `price`, `cat_parts_id`, `created_at`, `updated_at`) VALUES (103, '\"installation\"', 379896894, 1043, '2009-10-10 19:54:25', '1977-11-21 12:14:39');
INSERT INTO `work_list` (`id`, `name`, `price`, `cat_parts_id`, `created_at`, `updated_at`) VALUES (104, ' \"consultation\"', 0, 413, '1974-08-17 12:11:08', '1985-03-05 00:13:04');
INSERT INTO `work_list` (`id`, `name`, `price`, `cat_parts_id`, `created_at`, `updated_at`) VALUES (105, ' \"replacement\"', 1410, 8101, '1973-09-20 01:25:24', '2010-05-09 03:28:02');
INSERT INTO `work_list` (`id`, `name`, `price`, `cat_parts_id`, `created_at`, `updated_at`) VALUES (106, '\"installation\"', 5, 2853, '2002-10-20 19:54:58', '1979-01-12 20:22:33');
INSERT INTO `work_list` (`id`, `name`, `price`, `cat_parts_id`, `created_at`, `updated_at`) VALUES (107, ' \"customization\"', 15700, 6056, '2012-11-25 10:22:21', '1983-08-19 16:39:59');
INSERT INTO `work_list` (`id`, `name`, `price`, `cat_parts_id`, `created_at`, `updated_at`) VALUES (108, '\"installation\"', 731830, 1805, '1971-07-19 18:42:15', '2017-08-12 07:14:10');
INSERT INTO `work_list` (`id`, `name`, `price`, `cat_parts_id`, `created_at`, `updated_at`) VALUES (109, ' \"customization\"', 0, 1036, '1976-11-18 13:34:15', '2008-04-18 22:19:19');
INSERT INTO `work_list` (`id`, `name`, `price`, `cat_parts_id`, `created_at`, `updated_at`) VALUES (110, ' \"customization\"', 61395899, 471, '2012-05-04 17:26:31', '1978-05-31 04:34:10');
INSERT INTO `work_list` (`id`, `name`, `price`, `cat_parts_id`, `created_at`, `updated_at`) VALUES (111, '\"installation\"', 282, 7318, '1996-04-13 23:59:34', '1994-05-18 19:34:45');
INSERT INTO `work_list` (`id`, `name`, `price`, `cat_parts_id`, `created_at`, `updated_at`) VALUES (112, ' \"customization\"', 20, 7727, '2013-06-29 19:07:13', '2013-02-11 20:53:10');
INSERT INTO `work_list` (`id`, `name`, `price`, `cat_parts_id`, `created_at`, `updated_at`) VALUES (113, ' \"consultation\"', 732849, 4872, '2000-04-25 18:17:31', '1984-01-04 18:51:39');
INSERT INTO `work_list` (`id`, `name`, `price`, `cat_parts_id`, `created_at`, `updated_at`) VALUES (114, ' \"replacement\"', 4554332, 3809, '2008-09-30 11:26:46', '1994-09-30 16:09:07');
INSERT INTO `work_list` (`id`, `name`, `price`, `cat_parts_id`, `created_at`, `updated_at`) VALUES (115, ' \"customization\"', 117305, 4549, '1995-08-27 07:02:15', '1993-02-02 02:35:01');
INSERT INTO `work_list` (`id`, `name`, `price`, `cat_parts_id`, `created_at`, `updated_at`) VALUES (116, ' \"replacement\"', 59748, 7161, '1974-03-19 20:09:16', '1999-04-03 21:17:15');
INSERT INTO `work_list` (`id`, `name`, `price`, `cat_parts_id`, `created_at`, `updated_at`) VALUES (117, ' \"consultation\"', 10875, 4433, '1991-12-01 04:22:05', '1998-07-13 10:48:21');
INSERT INTO `work_list` (`id`, `name`, `price`, `cat_parts_id`, `created_at`, `updated_at`) VALUES (118, ' \"consultation\"', 198, 4371, '2009-08-14 03:34:50', '2008-04-16 06:22:10');
INSERT INTO `work_list` (`id`, `name`, `price`, `cat_parts_id`, `created_at`, `updated_at`) VALUES (119, ' \"customization\"', 5, 2268, '2019-11-07 01:40:05', '2014-03-18 20:37:17');
INSERT INTO `work_list` (`id`, `name`, `price`, `cat_parts_id`, `created_at`, `updated_at`) VALUES (120, ' \"diagnostics\"', 5362, 5073, '1990-03-30 01:02:47', '1999-12-30 10:33:19');
INSERT INTO `work_list` (`id`, `name`, `price`, `cat_parts_id`, `created_at`, `updated_at`) VALUES (121, '\"installation\"', 4147042, 451, '2010-07-16 08:33:51', '1975-03-20 15:32:13');
INSERT INTO `work_list` (`id`, `name`, `price`, `cat_parts_id`, `created_at`, `updated_at`) VALUES (122, ' \"diagnostics\"', 4174271, 2280, '1990-06-20 02:46:24', '2019-04-19 23:11:58');
INSERT INTO `work_list` (`id`, `name`, `price`, `cat_parts_id`, `created_at`, `updated_at`) VALUES (123, ' \"repair\"', 0, 7961, '1987-03-26 21:01:52', '2001-01-08 09:59:01');
INSERT INTO `work_list` (`id`, `name`, `price`, `cat_parts_id`, `created_at`, `updated_at`) VALUES (124, ' \"customization\"', 3784741, 4760, '1992-07-07 09:30:48', '2004-07-31 02:01:03');
INSERT INTO `work_list` (`id`, `name`, `price`, `cat_parts_id`, `created_at`, `updated_at`) VALUES (125, ' \"repair\"', 28, 1106, '1974-03-01 07:44:30', '1999-11-14 15:10:19');
INSERT INTO `work_list` (`id`, `name`, `price`, `cat_parts_id`, `created_at`, `updated_at`) VALUES (126, '\"installation\"', 1039256, 4724, '1979-01-04 05:21:13', '2018-11-01 04:43:50');
INSERT INTO `work_list` (`id`, `name`, `price`, `cat_parts_id`, `created_at`, `updated_at`) VALUES (127, '\"installation\"', 10756, 7707, '1989-10-13 17:47:27', '1985-12-16 04:04:16');
INSERT INTO `work_list` (`id`, `name`, `price`, `cat_parts_id`, `created_at`, `updated_at`) VALUES (128, ' \"replacement\"', 1204761, 3761, '1992-02-09 07:08:46', '2014-03-31 16:50:22');
INSERT INTO `work_list` (`id`, `name`, `price`, `cat_parts_id`, `created_at`, `updated_at`) VALUES (129, '\"installation\"', 31659, 1806, '1982-03-30 15:16:11', '2009-05-26 16:24:28');
INSERT INTO `work_list` (`id`, `name`, `price`, `cat_parts_id`, `created_at`, `updated_at`) VALUES (130, ' \"customization\"', 414609, 5769, '2002-12-02 06:12:23', '1997-10-20 01:59:55');
INSERT INTO `work_list` (`id`, `name`, `price`, `cat_parts_id`, `created_at`, `updated_at`) VALUES (131, ' \"repair\"', 40958, 5571, '2002-02-16 22:30:15', '1998-02-21 11:18:52');
INSERT INTO `work_list` (`id`, `name`, `price`, `cat_parts_id`, `created_at`, `updated_at`) VALUES (132, ' \"customization\"', 418280, 689, '1998-01-02 01:34:07', '1976-03-06 01:43:15');
INSERT INTO `work_list` (`id`, `name`, `price`, `cat_parts_id`, `created_at`, `updated_at`) VALUES (133, ' \"repair\"', 70814426, 704, '1971-05-04 20:24:29', '1997-08-24 07:22:33');
INSERT INTO `work_list` (`id`, `name`, `price`, `cat_parts_id`, `created_at`, `updated_at`) VALUES (134, ' \"consultation\"', 0, 8141, '2000-12-23 05:04:56', '2019-05-19 11:54:48');
INSERT INTO `work_list` (`id`, `name`, `price`, `cat_parts_id`, `created_at`, `updated_at`) VALUES (135, ' \"consultation\"', 0, 8239, '2000-04-24 01:10:55', '1982-01-05 18:02:05');
INSERT INTO `work_list` (`id`, `name`, `price`, `cat_parts_id`, `created_at`, `updated_at`) VALUES (136, ' \"replacement\"', 8, 4410, '1985-01-20 08:06:07', '2018-08-18 01:41:33');
INSERT INTO `work_list` (`id`, `name`, `price`, `cat_parts_id`, `created_at`, `updated_at`) VALUES (137, ' \"consultation\"', 134, 7183, '1990-07-22 21:48:53', '1981-02-06 12:37:13');
INSERT INTO `work_list` (`id`, `name`, `price`, `cat_parts_id`, `created_at`, `updated_at`) VALUES (138, '\"installation\"', 2, 731, '2010-05-02 22:30:05', '2007-05-18 20:14:56');
INSERT INTO `work_list` (`id`, `name`, `price`, `cat_parts_id`, `created_at`, `updated_at`) VALUES (139, ' \"diagnostics\"', 0, 161, '1993-08-06 04:12:22', '1980-10-09 07:17:40');
INSERT INTO `work_list` (`id`, `name`, `price`, `cat_parts_id`, `created_at`, `updated_at`) VALUES (140, ' \"replacement\"', 29, 998, '1999-07-24 07:45:42', '1974-12-05 06:29:53');
INSERT INTO `work_list` (`id`, `name`, `price`, `cat_parts_id`, `created_at`, `updated_at`) VALUES (141, '\"installation\"', 216477939, 4603, '1997-09-12 10:56:48', '2018-09-27 01:06:51');
INSERT INTO `work_list` (`id`, `name`, `price`, `cat_parts_id`, `created_at`, `updated_at`) VALUES (142, ' \"customization\"', 2567, 3274, '2018-04-28 01:44:31', '2008-09-29 11:37:04');
INSERT INTO `work_list` (`id`, `name`, `price`, `cat_parts_id`, `created_at`, `updated_at`) VALUES (143, ' \"customization\"', 6793501, 4461, '1983-09-29 02:36:03', '1970-03-20 08:32:24');
INSERT INTO `work_list` (`id`, `name`, `price`, `cat_parts_id`, `created_at`, `updated_at`) VALUES (144, '\"installation\"', 355027520, 6656, '1982-10-09 04:10:07', '1994-08-09 20:44:21');
INSERT INTO `work_list` (`id`, `name`, `price`, `cat_parts_id`, `created_at`, `updated_at`) VALUES (145, ' \"consultation\"', 36, 2095, '1973-02-13 19:00:03', '2014-09-27 01:53:42');
INSERT INTO `work_list` (`id`, `name`, `price`, `cat_parts_id`, `created_at`, `updated_at`) VALUES (146, ' \"replacement\"', 5, 6106, '1980-07-26 12:18:56', '1999-09-21 03:41:25');
INSERT INTO `work_list` (`id`, `name`, `price`, `cat_parts_id`, `created_at`, `updated_at`) VALUES (147, '\"installation\"', 6767, 4120, '2003-03-12 10:58:03', '1983-02-21 10:03:28');
INSERT INTO `work_list` (`id`, `name`, `price`, `cat_parts_id`, `created_at`, `updated_at`) VALUES (148, ' \"replacement\"', 53, 338, '2008-05-11 10:38:04', '2002-10-07 09:34:44');
INSERT INTO `work_list` (`id`, `name`, `price`, `cat_parts_id`, `created_at`, `updated_at`) VALUES (149, ' \"diagnostics\"', 52, 5711, '2017-07-27 14:21:56', '2001-08-16 01:38:48');
INSERT INTO `work_list` (`id`, `name`, `price`, `cat_parts_id`, `created_at`, `updated_at`) VALUES (150, ' \"consultation\"', 13, 7808, '2000-03-01 21:34:40', '2013-08-29 18:10:24');
INSERT INTO `work_list` (`id`, `name`, `price`, `cat_parts_id`, `created_at`, `updated_at`) VALUES (151, ' \"repair\"', 519, 6377, '2008-03-24 07:58:36', '1985-04-14 16:09:35');
INSERT INTO `work_list` (`id`, `name`, `price`, `cat_parts_id`, `created_at`, `updated_at`) VALUES (152, ' \"consultation\"', 22, 4162, '1998-09-27 23:58:53', '1975-08-26 23:35:53');
INSERT INTO `work_list` (`id`, `name`, `price`, `cat_parts_id`, `created_at`, `updated_at`) VALUES (153, '\"installation\"', 1, 7799, '2001-09-22 08:06:01', '2011-09-26 20:50:14');
INSERT INTO `work_list` (`id`, `name`, `price`, `cat_parts_id`, `created_at`, `updated_at`) VALUES (154, '\"installation\"', 964086, 5909, '1998-05-14 18:34:41', '2016-08-22 13:26:08');
INSERT INTO `work_list` (`id`, `name`, `price`, `cat_parts_id`, `created_at`, `updated_at`) VALUES (155, '\"installation\"', 2025176, 2862, '2000-10-21 08:00:22', '1972-07-28 01:31:16');
INSERT INTO `work_list` (`id`, `name`, `price`, `cat_parts_id`, `created_at`, `updated_at`) VALUES (156, ' \"replacement\"', 149554744, 582, '1993-09-29 02:16:31', '1995-04-23 10:07:45');
INSERT INTO `work_list` (`id`, `name`, `price`, `cat_parts_id`, `created_at`, `updated_at`) VALUES (157, ' \"replacement\"', 392930922, 5787, '1996-07-30 21:14:39', '1978-07-29 09:38:31');
INSERT INTO `work_list` (`id`, `name`, `price`, `cat_parts_id`, `created_at`, `updated_at`) VALUES (158, ' \"consultation\"', 0, 7693, '2004-02-08 13:46:10', '2018-11-30 18:54:48');
INSERT INTO `work_list` (`id`, `name`, `price`, `cat_parts_id`, `created_at`, `updated_at`) VALUES (159, ' \"diagnostics\"', 462790137, 4074, '2009-08-27 11:54:59', '1991-01-06 02:41:26');
INSERT INTO `work_list` (`id`, `name`, `price`, `cat_parts_id`, `created_at`, `updated_at`) VALUES (160, ' \"customization\"', 6, 6759, '1997-01-11 18:28:15', '1988-10-05 15:31:03');
INSERT INTO `work_list` (`id`, `name`, `price`, `cat_parts_id`, `created_at`, `updated_at`) VALUES (161, '\"installation\"', 1337516, 2168, '1974-01-21 23:52:57', '1974-07-03 23:03:51');
INSERT INTO `work_list` (`id`, `name`, `price`, `cat_parts_id`, `created_at`, `updated_at`) VALUES (162, ' \"consultation\"', 4, 5326, '2016-09-25 16:05:29', '2004-12-03 20:59:32');
INSERT INTO `work_list` (`id`, `name`, `price`, `cat_parts_id`, `created_at`, `updated_at`) VALUES (163, ' \"repair\"', 0, 2056, '1994-12-21 12:30:41', '1979-04-03 23:34:44');
INSERT INTO `work_list` (`id`, `name`, `price`, `cat_parts_id`, `created_at`, `updated_at`) VALUES (164, ' \"repair\"', 464079887, 6715, '2005-10-19 11:06:39', '1986-08-12 00:07:20');
INSERT INTO `work_list` (`id`, `name`, `price`, `cat_parts_id`, `created_at`, `updated_at`) VALUES (165, ' \"consultation\"', 32, 3591, '1983-02-09 13:41:47', '2004-06-25 20:41:53');
INSERT INTO `work_list` (`id`, `name`, `price`, `cat_parts_id`, `created_at`, `updated_at`) VALUES (166, ' \"customization\"', 22387, 7517, '1981-09-15 06:26:43', '2013-02-26 02:49:03');
INSERT INTO `work_list` (`id`, `name`, `price`, `cat_parts_id`, `created_at`, `updated_at`) VALUES (167, ' \"diagnostics\"', 0, 4109, '1970-06-04 08:17:22', '1995-02-20 16:47:16');
INSERT INTO `work_list` (`id`, `name`, `price`, `cat_parts_id`, `created_at`, `updated_at`) VALUES (168, ' \"repair\"', 0, 7183, '1982-06-10 18:11:04', '2017-02-07 20:41:10');
INSERT INTO `work_list` (`id`, `name`, `price`, `cat_parts_id`, `created_at`, `updated_at`) VALUES (169, ' \"replacement\"', 2, 8451, '1974-11-07 23:50:55', '2006-01-31 18:20:03');
INSERT INTO `work_list` (`id`, `name`, `price`, `cat_parts_id`, `created_at`, `updated_at`) VALUES (170, '\"installation\"', 18, 8322, '1990-05-05 13:22:49', '1998-01-21 23:28:45');
INSERT INTO `work_list` (`id`, `name`, `price`, `cat_parts_id`, `created_at`, `updated_at`) VALUES (171, ' \"customization\"', 1907, 675, '1982-05-13 07:09:59', '2011-04-18 01:01:34');
INSERT INTO `work_list` (`id`, `name`, `price`, `cat_parts_id`, `created_at`, `updated_at`) VALUES (172, ' \"customization\"', 1525, 2698, '1984-04-23 08:28:54', '1973-12-01 16:07:50');
INSERT INTO `work_list` (`id`, `name`, `price`, `cat_parts_id`, `created_at`, `updated_at`) VALUES (173, ' \"diagnostics\"', 3518572, 1702, '1973-10-01 08:41:05', '2008-05-27 17:02:36');
INSERT INTO `work_list` (`id`, `name`, `price`, `cat_parts_id`, `created_at`, `updated_at`) VALUES (174, ' \"repair\"', 5687163, 530, '1973-09-04 22:10:40', '1985-08-27 06:55:47');
INSERT INTO `work_list` (`id`, `name`, `price`, `cat_parts_id`, `created_at`, `updated_at`) VALUES (175, '\"installation\"', 2, 3143, '1985-11-23 03:35:09', '1998-08-19 11:48:29');
INSERT INTO `work_list` (`id`, `name`, `price`, `cat_parts_id`, `created_at`, `updated_at`) VALUES (176, ' \"consultation\"', 37679, 5382, '1993-07-24 14:08:37', '2019-03-09 04:06:55');
INSERT INTO `work_list` (`id`, `name`, `price`, `cat_parts_id`, `created_at`, `updated_at`) VALUES (177, ' \"replacement\"', 903739, 1590, '1976-06-02 07:44:54', '1997-06-28 01:19:30');
INSERT INTO `work_list` (`id`, `name`, `price`, `cat_parts_id`, `created_at`, `updated_at`) VALUES (178, ' \"replacement\"', 523114, 8170, '1971-01-18 14:00:37', '2018-08-23 09:59:26');
INSERT INTO `work_list` (`id`, `name`, `price`, `cat_parts_id`, `created_at`, `updated_at`) VALUES (179, ' \"replacement\"', 78, 2702, '2006-11-04 23:51:20', '1999-07-04 21:11:08');
INSERT INTO `work_list` (`id`, `name`, `price`, `cat_parts_id`, `created_at`, `updated_at`) VALUES (180, ' \"diagnostics\"', 130, 2915, '1993-06-18 17:17:09', '1977-11-11 07:11:13');
INSERT INTO `work_list` (`id`, `name`, `price`, `cat_parts_id`, `created_at`, `updated_at`) VALUES (181, ' \"repair\"', 194, 4822, '1976-11-09 02:51:18', '2011-09-30 04:04:25');
INSERT INTO `work_list` (`id`, `name`, `price`, `cat_parts_id`, `created_at`, `updated_at`) VALUES (182, ' \"repair\"', 234, 8425, '2012-07-12 16:20:53', '1988-01-05 07:26:53');
INSERT INTO `work_list` (`id`, `name`, `price`, `cat_parts_id`, `created_at`, `updated_at`) VALUES (183, '\"installation\"', 1552485, 1220, '1991-04-22 17:26:50', '1974-01-08 07:51:39');
INSERT INTO `work_list` (`id`, `name`, `price`, `cat_parts_id`, `created_at`, `updated_at`) VALUES (184, ' \"customization\"', 43, 7838, '1997-07-03 23:46:18', '2008-07-01 01:34:35');
INSERT INTO `work_list` (`id`, `name`, `price`, `cat_parts_id`, `created_at`, `updated_at`) VALUES (185, ' \"replacement\"', 464, 1226, '2004-12-28 15:59:31', '1997-12-25 01:02:20');
INSERT INTO `work_list` (`id`, `name`, `price`, `cat_parts_id`, `created_at`, `updated_at`) VALUES (186, ' \"repair\"', 9, 1643, '2012-10-22 21:47:05', '2013-11-07 03:32:11');
INSERT INTO `work_list` (`id`, `name`, `price`, `cat_parts_id`, `created_at`, `updated_at`) VALUES (187, ' \"repair\"', 7545, 772, '2017-04-08 07:29:55', '1976-05-19 23:31:18');
INSERT INTO `work_list` (`id`, `name`, `price`, `cat_parts_id`, `created_at`, `updated_at`) VALUES (188, '\"installation\"', 6309590, 4653, '1989-08-27 13:56:59', '2002-12-16 22:56:51');
INSERT INTO `work_list` (`id`, `name`, `price`, `cat_parts_id`, `created_at`, `updated_at`) VALUES (189, ' \"consultation\"', 1, 3883, '1980-01-11 13:26:01', '1971-08-03 23:02:44');
INSERT INTO `work_list` (`id`, `name`, `price`, `cat_parts_id`, `created_at`, `updated_at`) VALUES (190, ' \"diagnostics\"', 66987, 211, '1993-01-08 21:10:54', '1970-03-30 19:08:17');
INSERT INTO `work_list` (`id`, `name`, `price`, `cat_parts_id`, `created_at`, `updated_at`) VALUES (191, ' \"consultation\"', 47580829, 984, '1978-10-12 05:53:44', '1970-12-24 00:53:32');
INSERT INTO `work_list` (`id`, `name`, `price`, `cat_parts_id`, `created_at`, `updated_at`) VALUES (192, ' \"customization\"', 63048, 2006, '2006-08-19 14:37:20', '1993-08-18 20:42:46');
INSERT INTO `work_list` (`id`, `name`, `price`, `cat_parts_id`, `created_at`, `updated_at`) VALUES (193, '\"installation\"', 7928424, 4050, '1982-12-03 04:46:41', '2017-07-07 04:19:36');
INSERT INTO `work_list` (`id`, `name`, `price`, `cat_parts_id`, `created_at`, `updated_at`) VALUES (194, '\"installation\"', 11655, 4095, '1991-09-15 10:46:34', '2018-08-07 13:58:16');
INSERT INTO `work_list` (`id`, `name`, `price`, `cat_parts_id`, `created_at`, `updated_at`) VALUES (195, ' \"repair\"', 2079, 6123, '1974-01-07 16:26:35', '2000-11-17 17:43:56');
INSERT INTO `work_list` (`id`, `name`, `price`, `cat_parts_id`, `created_at`, `updated_at`) VALUES (196, '\"installation\"', 78, 5293, '2003-07-05 08:32:01', '1997-12-24 03:42:50');
INSERT INTO `work_list` (`id`, `name`, `price`, `cat_parts_id`, `created_at`, `updated_at`) VALUES (197, ' \"consultation\"', 0, 3444, '2000-04-08 19:28:47', '2017-04-26 00:35:49');
INSERT INTO `work_list` (`id`, `name`, `price`, `cat_parts_id`, `created_at`, `updated_at`) VALUES (198, ' \"replacement\"', 802, 4288, '2001-12-10 15:29:21', '1992-08-05 19:59:18');
INSERT INTO `work_list` (`id`, `name`, `price`, `cat_parts_id`, `created_at`, `updated_at`) VALUES (199, ' \"replacement\"', 327812, 870, '2010-04-13 09:06:39', '2020-04-27 23:13:48');
INSERT INTO `work_list` (`id`, `name`, `price`, `cat_parts_id`, `created_at`, `updated_at`) VALUES (200, '\"installation\"', 30439745, 4860, '2004-02-03 08:28:00', '2008-05-22 19:32:33');


